Id,Area,Bedrooms,Bathrooms,Floors,YearBuilt,Location,Condition,Garage,Price,HouseAge
1,1360,5,4,3,1970,Downtown,Excellent,No,149919,56
2,4272,5,4,3,1958,Downtown,Excellent,No,424998,68
3,3592,2,2,3,1938,Downtown,Good,No,266746,88
4,966,4,2,2,1902,Suburban,Fair,Yes,244020,124
5,4926,1,4,2,1975,Downtown,Fair,Yes,636056,51
6,3944,1,2,1,1906,Urban,Poor,No,93262,120
7,3671,1,1,2,1948,Rural,Poor,Yes,448722,78
8,3419,2,4,1,1925,Suburban,Good,Yes,594893,101
9,630,2,2,1,1932,Rural,Poor,Yes,652878,94
10,2185,3,3,1,2000,Downtown,Poor,No,340375,26
11,1269,1,4,2,1947,Suburban,Poor,Yes,653685,79
12,2891,4,4,3,1978,Urban,Excellent,Yes,127123,48
13,2933,4,3,2,1901,Downtown,Poor,No,849947,125
14,1684,1,1,1,2004,Rural,Good,No,399355,22
15,3885,1,3,1,1970,Urban,Fair,Yes,481838,56
16,4617,1,4,2,1931,Downtown,Poor,No,853032,95
17,3404,2,1,1,1903,Urban,Fair,Yes,208964,123
18,974,2,2,1,1919,Downtown,Poor,Yes,905742,107
19,1582,2,2,2,2013,Suburban,Good,No,989305,13
20,3058,5,2,2,2016,Downtown,Excellent,No,218767,10
21,2547,4,4,2,1935,Suburban,Good,Yes,996357,91
22,3247,4,3,1,1931,Downtown,Excellent,No,709789,95
23,1475,3,1,1,1927,Downtown,Poor,No,709966,99
24,2306,2,2,3,1976,Rural,Poor,Yes,447694,50
25,689,5,1,3,1900,Urban,Excellent,Yes,688668,126
26,3234,5,4,2,1959,Urban,Good,Yes,527032,67
27,3505,4,2,3,1955,Urban,Good,Yes,745494,71
28,2399,2,4,1,1934,Downtown,Excellent,Yes,513179,92
29,1767,3,3,3,2011,Downtown,Poor,Yes,948212,15
30,2028,2,4,1,1929,Downtown,Excellent,No,206547,97
31,3702,1,4,2,1953,Suburban,Poor,No,902609,73
32,4056,2,3,2,1935,Suburban,Excellent,Yes,727090,91
33,4390,1,1,1,2020,Rural,Poor,No,202185,6
34,1146,1,3,3,1954,Downtown,Excellent,No,725371,72
35,3388,3,3,2,1988,Urban,Fair,Yes,105746,38
36,2935,4,4,2,1979,Urban,Poor,No,959507,47
37,1100,2,1,3,1957,Rural,Good,No,748213,69
38,2863,1,2,3,1982,Urban,Excellent,Yes,921627,44
39,2561,2,3,1,1964,Rural,Good,No,873250,62
40,741,4,1,3,1968,Downtown,Excellent,No,218393,58
41,2541,4,3,3,1950,Urban,Good,Yes,333453,76
42,3324,5,3,3,1921,Downtown,Good,No,986192,105
43,3112,4,3,1,1987,Suburban,Excellent,No,340320,39
44,1863,3,3,1,2006,Urban,Excellent,No,643167,20
45,1978,1,4,2,2008,Suburban,Good,Yes,641880,18
46,3056,5,1,1,2015,Urban,Good,Yes,396872,11
47,1275,3,1,2,2000,Downtown,Good,No,270084,26
48,4514,2,1,3,1952,Rural,Poor,No,976920,74
49,534,1,3,2,1999,Downtown,Poor,Yes,771782,27
50,3652,4,4,2,1935,Downtown,Fair,Yes,845016,91
51,2455,1,3,3,1967,Downtown,Poor,No,698843,59
52,2085,2,3,2,1935,Urban,Poor,Yes,405446,91
53,4443,5,1,1,1951,Rural,Excellent,No,958840,75
54,3573,5,3,1,1952,Suburban,Fair,No,593118,74
55,1521,5,2,1,1981,Downtown,Fair,Yes,266897,45
56,3961,4,3,1,1949,Urban,Poor,Yes,826522,77
57,3113,3,2,2,1979,Suburban,Excellent,No,913498,47
58,4343,3,3,2,1940,Downtown,Excellent,No,840023,86
59,2000,1,4,3,1917,Suburban,Fair,Yes,143878,109
60,661,4,4,2,1921,Downtown,Excellent,No,175407,105
61,4797,5,1,2,1965,Suburban,Good,Yes,691157,61
62,2481,5,3,2,1920,Suburban,Poor,Yes,307716,106
63,1495,2,2,3,1999,Rural,Good,Yes,857827,27
64,3842,2,2,1,1943,Rural,Fair,Yes,66738,83
65,4298,5,3,2,2002,Downtown,Fair,Yes,183703,24
66,1775,5,2,3,1946,Urban,Excellent,No,723265,80
67,1516,4,4,3,1938,Rural,Excellent,Yes,593344,88
68,837,3,2,3,1928,Suburban,Fair,Yes,815034,98
69,1378,2,1,1,1953,Rural,Fair,Yes,560241,73
70,1576,3,4,2,1989,Rural,Good,Yes,433800,37
71,4493,4,4,3,1984,Downtown,Good,Yes,689604,42
72,879,5,4,1,1916,Rural,Excellent,Yes,740807,110
73,992,3,3,3,1979,Rural,Good,Yes,628706,47
74,2562,5,3,3,1959,Suburban,Excellent,No,873622,67
75,4384,5,4,3,1930,Rural,Excellent,No,76014,96
76,564,1,3,3,2014,Suburban,Poor,No,778359,12
77,3068,3,2,3,1972,Rural,Excellent,No,813277,54
78,2527,3,3,1,1994,Rural,Good,Yes,231350,32
79,3195,5,3,2,1977,Urban,Fair,No,961995,49
80,1995,4,4,2,1948,Rural,Fair,Yes,838212,78
81,891,1,1,2,2000,Suburban,Good,No,534859,26
82,4974,5,1,2,1901,Suburban,Fair,No,764618,125
83,4061,2,1,1,2015,Downtown,Excellent,Yes,540339,11
84,2778,2,2,1,1947,Downtown,Fair,Yes,92192,79
85,3599,1,3,1,2009,Urban,Good,No,941307,17
86,700,4,1,3,1913,Suburban,Fair,No,411273,113
87,3604,5,4,3,1958,Suburban,Excellent,No,93923,68
88,2954,3,1,3,1996,Suburban,Excellent,No,663484,30
89,4145,1,1,2,1998,Urban,Good,Yes,576683,28
90,1304,4,3,3,1957,Suburban,Good,No,414593,69
91,3231,3,3,2,2002,Downtown,Good,No,433891,24
92,3273,2,3,3,1957,Urban,Poor,No,802744,69
93,2070,2,2,2,2010,Downtown,Poor,No,458995,16
94,3190,3,2,3,1950,Downtown,Excellent,No,645316,76
95,4340,1,1,3,1983,Urban,Poor,Yes,997226,43
96,1528,2,3,1,1901,Rural,Poor,Yes,450327,125
97,1002,5,1,3,2014,Rural,Fair,Yes,816751,12
98,4993,3,4,3,1940,Downtown,Poor,Yes,715344,86
99,1370,3,4,1,1982,Rural,Fair,Yes,929608,44
100,4988,2,3,2,2022,Suburban,Good,No,777688,4
101,706,1,3,1,2000,Urban,Fair,Yes,305315,26
102,1984,5,4,1,1981,Downtown,Fair,Yes,339068,45
103,1363,1,3,2,1915,Suburban,Good,No,495919,111
104,3290,4,2,3,1903,Rural,Good,Yes,344721,123
105,1063,4,2,2,1911,Suburban,Excellent,Yes,188783,115
106,4691,2,3,3,1928,Rural,Excellent,Yes,659836,98
107,2257,2,4,3,1906,Downtown,Excellent,Yes,307288,120
108,2178,2,1,2,1913,Suburban,Excellent,No,543085,113
109,3742,4,3,1,2018,Urban,Fair,No,545187,8
110,1559,1,3,2,1911,Downtown,Fair,Yes,699381,115
111,2222,1,1,3,1998,Suburban,Excellent,No,285835,28
112,3814,2,3,2,1904,Suburban,Poor,Yes,971600,122
113,3657,5,1,2,1980,Rural,Excellent,No,902987,46
114,3125,1,4,3,2021,Downtown,Poor,No,401992,5
115,3229,4,2,1,2005,Downtown,Good,No,256084,21
116,2097,3,4,2,1931,Downtown,Fair,No,844686,95
117,3560,3,2,3,1973,Downtown,Fair,No,437554,53
118,3193,3,1,3,1942,Rural,Poor,No,803315,84
119,4127,5,2,2,1980,Urban,Excellent,No,520336,46
120,1863,2,4,1,1968,Downtown,Fair,No,973469,58
121,2481,4,2,2,1944,Rural,Poor,No,258072,82
122,2163,5,1,1,2005,Urban,Good,No,298029,21
123,2029,4,2,1,1908,Urban,Good,No,259047,118
124,2538,4,3,1,1948,Rural,Fair,Yes,415169,78
125,3802,2,4,1,1932,Downtown,Excellent,No,180509,94
126,2737,3,3,2,1999,Urban,Poor,Yes,812072,27
127,1806,2,1,3,1999,Downtown,Fair,No,345107,27
128,4529,5,2,3,1917,Downtown,Good,Yes,577561,109
129,3175,5,3,3,1908,Suburban,Excellent,Yes,589618,118
130,1782,5,3,3,1961,Downtown,Poor,Yes,202566,65
131,1209,2,2,3,1956,Suburban,Fair,No,650710,70
132,4913,4,2,3,1928,Urban,Poor,No,958521,98
133,4248,4,4,2,2013,Rural,Excellent,No,53212,13
134,1163,1,3,1,1977,Suburban,Excellent,No,282131,49
135,2498,5,3,3,1924,Rural,Good,Yes,526657,102
136,3945,4,1,2,1914,Urban,Excellent,No,661882,112
137,4243,1,4,3,1905,Downtown,Fair,No,182152,121
138,1995,4,1,3,2019,Urban,Poor,No,344819,7
139,3804,5,3,1,1941,Rural,Excellent,No,72007,85
140,4263,3,1,1,1928,Urban,Excellent,No,688093,98
141,2353,5,3,1,1978,Downtown,Fair,No,394785,48
142,1791,2,3,3,1992,Urban,Poor,No,670103,34
143,4081,4,1,3,1903,Downtown,Poor,No,883247,123
144,3957,4,1,3,1981,Suburban,Good,Yes,919914,45
145,2136,2,2,1,2013,Rural,Good,Yes,837071,13
146,4196,2,2,2,1956,Downtown,Poor,No,375737,70
147,3499,3,2,3,1948,Downtown,Fair,No,562164,78
148,3652,4,3,3,1943,Urban,Fair,No,128038,83
149,1198,4,1,3,2002,Suburban,Good,No,406043,24
150,2660,3,4,2,1979,Downtown,Excellent,Yes,840168,47
151,4597,1,3,3,1974,Suburban,Fair,Yes,827794,52
152,1354,3,4,2,1913,Suburban,Excellent,No,66473,113
153,3974,5,1,3,1902,Urban,Fair,Yes,703059,124
154,2207,4,3,2,2014,Downtown,Poor,Yes,175801,12
155,3277,2,4,3,2013,Urban,Good,No,944030,13
156,2233,5,4,1,1961,Rural,Excellent,No,660911,65
157,4010,4,2,1,2005,Rural,Excellent,No,558252,21
158,702,3,2,1,1963,Downtown,Poor,Yes,275097,63
159,3755,5,2,1,2001,Suburban,Fair,Yes,348964,25
160,4718,4,3,3,1944,Downtown,Excellent,No,265933,82
161,4996,1,1,1,2005,Downtown,Fair,No,369733,21
162,1266,1,1,2,1981,Rural,Poor,Yes,771167,45
163,4889,2,2,1,1957,Rural,Good,Yes,330558,69
164,2827,4,2,1,1919,Suburban,Excellent,No,439522,107
165,3431,1,2,1,1957,Suburban,Fair,Yes,74220,69
166,697,3,4,3,2011,Downtown,Excellent,No,634819,15
167,2430,4,2,1,1988,Urban,Fair,No,422146,38
168,4082,3,4,2,1956,Downtown,Fair,Yes,557409,70
169,1108,3,1,1,2001,Suburban,Fair,Yes,747785,25
170,3772,1,3,1,1976,Urban,Poor,Yes,59387,50
171,1647,4,3,1,1967,Rural,Good,No,295752,59
172,4782,5,3,2,2018,Suburban,Excellent,No,651103,8
173,3897,1,3,1,1977,Suburban,Good,No,601872,49
174,3011,1,4,2,1996,Urban,Fair,No,619071,30
175,2294,4,4,2,1991,Suburban,Fair,No,745169,35
176,1159,4,2,1,1951,Suburban,Good,No,759687,75
177,3311,3,4,2,1936,Suburban,Good,Yes,698782,90
178,1869,4,2,3,1907,Suburban,Excellent,No,690102,119
179,2486,3,2,1,1943,Suburban,Fair,No,300139,83
180,646,1,3,1,1997,Suburban,Good,No,967184,29
181,3719,2,4,2,2007,Suburban,Poor,No,550228,19
182,3411,5,4,2,1904,Suburban,Fair,Yes,716217,122
183,2234,1,2,1,2017,Rural,Fair,No,747621,9
184,2343,4,2,3,1968,Suburban,Excellent,Yes,910020,58
185,988,5,1,2,1930,Rural,Poor,Yes,984499,96
186,3476,2,1,2,1944,Rural,Excellent,No,296509,82
187,2459,2,2,3,1908,Downtown,Poor,No,63580,118
188,2885,3,1,3,2005,Downtown,Excellent,Yes,592528,21
189,3419,5,1,1,1931,Rural,Poor,Yes,828639,95
190,2302,3,2,3,1932,Rural,Poor,No,395590,94
191,4561,1,2,1,1966,Suburban,Poor,Yes,518968,60
192,3869,5,4,3,1929,Downtown,Good,No,940965,97
193,762,1,2,2,2013,Urban,Fair,No,828559,13
194,1123,3,2,1,1975,Downtown,Poor,Yes,533663,51
195,1516,5,3,1,1928,Rural,Good,No,478082,98
196,4143,3,4,1,1902,Rural,Good,No,655262,124
197,2549,5,4,3,1989,Suburban,Excellent,No,647689,37
198,4223,3,4,2,1956,Suburban,Fair,Yes,263165,70
199,3608,2,3,1,1929,Downtown,Fair,Yes,455427,97
200,4590,3,2,1,1908,Suburban,Excellent,Yes,502201,118
201,2556,2,4,1,1925,Urban,Fair,No,214340,101
202,3670,3,4,1,1901,Urban,Excellent,Yes,840078,125
203,2182,5,1,2,1961,Suburban,Good,Yes,760731,65
204,2755,5,4,3,1902,Urban,Good,Yes,822411,124
205,1654,5,2,2,1945,Urban,Poor,No,354960,81
206,4999,4,2,1,1967,Downtown,Excellent,No,139460,59
207,3691,1,1,2,1924,Urban,Good,Yes,356256,102
208,2196,5,4,1,1950,Rural,Good,Yes,101048,76
209,4491,2,4,3,1912,Rural,Excellent,Yes,780806,114
210,2148,5,4,3,2002,Downtown,Good,No,182850,24
211,1945,4,3,3,1943,Suburban,Fair,Yes,882184,83
212,4699,2,4,1,1934,Downtown,Good,No,528193,92
213,4423,4,2,2,1954,Suburban,Excellent,No,907158,72
214,753,2,2,3,1986,Suburban,Fair,No,786200,40
215,3683,3,3,1,1908,Suburban,Fair,Yes,994793,118
216,3057,1,3,1,1901,Suburban,Good,Yes,356932,125
217,598,1,4,2,1960,Suburban,Poor,No,316891,66
218,2700,4,1,3,2017,Downtown,Fair,No,574333,9
219,3461,1,3,1,1940,Suburban,Excellent,No,582046,86
220,4933,4,3,2,1943,Urban,Poor,No,829685,83
221,4277,4,4,3,1963,Urban,Poor,Yes,961508,63
222,3369,4,4,2,1930,Suburban,Fair,Yes,728797,96
223,3734,1,3,2,2007,Urban,Good,No,724945,19
224,4291,4,1,1,1946,Rural,Poor,No,190926,80
225,1456,1,3,1,1901,Downtown,Good,No,233148,125
226,4567,4,4,1,1995,Downtown,Fair,Yes,893382,31
227,660,5,4,2,1981,Suburban,Excellent,No,722709,45
228,4993,4,3,1,1976,Suburban,Poor,Yes,801588,50
229,1800,2,1,2,2009,Rural,Excellent,No,726708,17
230,4487,4,3,2,1968,Suburban,Good,Yes,215368,58
231,2027,3,3,1,1957,Urban,Good,Yes,544496,69
232,1718,4,4,3,2005,Rural,Excellent,No,69455,21
233,4996,2,1,3,1943,Urban,Fair,Yes,784184,83
234,3604,2,2,3,1973,Downtown,Fair,Yes,515139,53
235,3235,1,1,2,1955,Urban,Poor,Yes,281897,71
236,1454,5,3,2,1942,Downtown,Poor,Yes,482509,84
237,3946,4,3,2,1988,Urban,Fair,No,542646,38
238,1545,1,3,1,1933,Downtown,Fair,No,662840,93
239,2193,5,1,2,2000,Suburban,Excellent,No,882548,26
240,3936,4,4,1,1929,Urban,Good,No,432605,97
241,1062,3,3,1,1970,Downtown,Good,No,614772,56
242,2985,4,3,3,1969,Urban,Poor,Yes,997719,57
243,3854,2,1,3,2017,Rural,Fair,Yes,393782,9
244,725,2,2,3,1954,Suburban,Excellent,Yes,708764,72
245,1459,3,2,1,1966,Downtown,Poor,Yes,218332,60
246,3567,1,4,1,1912,Rural,Excellent,No,150647,114
247,1315,5,4,1,1902,Urban,Fair,No,639930,124
248,3620,4,3,2,1925,Rural,Fair,Yes,786091,101
249,516,2,1,1,1956,Urban,Fair,No,882441,70
250,1743,1,3,3,1923,Suburban,Good,Yes,178824,103
251,2705,3,4,3,1952,Rural,Fair,Yes,823202,74
252,3024,2,1,1,1969,Suburban,Poor,No,866037,57
253,1569,3,1,1,1942,Downtown,Good,No,685167,84
254,3944,4,4,3,1959,Urban,Excellent,No,695115,67
255,3065,5,2,1,1957,Urban,Poor,No,317724,69
256,1560,2,2,3,1948,Suburban,Poor,No,951334,78
257,2827,2,1,2,1941,Suburban,Excellent,No,317544,85
258,3920,4,3,3,1975,Downtown,Good,No,745003,51
259,801,1,2,2,2012,Rural,Poor,Yes,801545,14
260,4776,5,3,1,1999,Urban,Poor,No,932464,27
261,1106,2,2,1,1965,Urban,Poor,Yes,177319,61
262,3670,5,2,2,1910,Downtown,Good,Yes,562193,116
263,1199,2,3,1,2002,Downtown,Good,No,529389,24
264,1639,5,4,2,1997,Suburban,Good,Yes,156960,29
265,690,3,2,1,1989,Suburban,Poor,No,89015,37
266,2800,2,2,3,1917,Rural,Fair,Yes,383857,109
267,1480,5,3,1,1984,Downtown,Excellent,Yes,778165,42
268,3475,1,4,3,1999,Rural,Fair,Yes,982478,27
269,1684,3,2,3,2003,Downtown,Good,No,195109,23
270,3827,3,2,2,1951,Urban,Poor,Yes,527508,75
271,3894,1,4,1,1945,Downtown,Poor,Yes,836351,81
272,627,5,2,2,1943,Downtown,Fair,Yes,983671,83
273,2565,4,4,1,1921,Urban,Fair,No,138754,105
274,2316,1,4,3,1952,Downtown,Excellent,Yes,271775,74
275,1069,5,3,3,1958,Rural,Poor,No,355292,68
276,2395,1,1,1,1993,Suburban,Fair,Yes,777513,33
277,3233,1,4,1,2013,Suburban,Excellent,Yes,726894,13
278,4363,2,3,2,2006,Rural,Good,Yes,796355,20
279,4514,5,1,1,2023,Urban,Fair,No,959222,3
280,3401,4,2,1,1929,Downtown,Good,Yes,922510,97
281,2186,2,1,1,1907,Rural,Excellent,Yes,106879,119
282,3509,1,4,2,1997,Suburban,Good,Yes,169894,29
283,654,1,4,1,1956,Suburban,Poor,Yes,640127,70
284,3037,1,4,3,2010,Rural,Poor,No,79756,16
285,1909,5,4,2,1972,Suburban,Good,Yes,718043,54
286,4557,5,4,2,2014,Rural,Poor,Yes,230557,12
287,1284,2,3,3,1919,Suburban,Excellent,Yes,279303,107
288,3675,4,4,3,2003,Rural,Poor,Yes,454241,23
289,4841,2,3,3,1924,Downtown,Good,No,724075,102
290,3306,3,2,1,1918,Downtown,Good,Yes,541599,108
291,1037,1,4,3,1904,Downtown,Good,Yes,545283,122
292,2341,1,4,1,1974,Downtown,Fair,No,667231,52
293,2955,1,1,2,1978,Suburban,Good,Yes,792476,48
294,1024,2,2,2,1971,Urban,Excellent,Yes,198188,55
295,3450,2,4,3,1982,Rural,Poor,Yes,611032,44
296,4631,1,4,1,1986,Urban,Poor,No,174697,40
297,4615,2,2,3,1926,Suburban,Fair,Yes,530795,100
298,2868,5,3,3,1939,Suburban,Fair,No,690360,87
299,4347,5,4,1,1995,Urban,Excellent,No,445340,31
300,4995,2,1,3,1925,Urban,Good,No,286028,101
301,3201,1,4,2,1926,Suburban,Fair,No,743411,100
302,1471,2,1,3,1961,Suburban,Poor,No,57176,65
303,1666,2,1,1,1982,Rural,Fair,No,927742,44
304,3274,2,4,1,1949,Downtown,Fair,No,826653,77
305,2482,3,4,2,1941,Downtown,Good,Yes,508034,85
306,1353,5,1,1,1928,Rural,Fair,Yes,563611,98
307,4646,4,2,1,1938,Urban,Excellent,No,199748,88
308,4236,4,2,2,1959,Suburban,Poor,No,95177,67
309,4269,3,4,3,1940,Urban,Good,No,533512,86
310,1074,2,3,2,1932,Downtown,Poor,No,160623,94
311,3761,3,2,3,1982,Downtown,Excellent,No,575285,44
312,1648,3,4,2,2000,Urban,Excellent,No,502546,26
313,2215,1,2,3,1982,Downtown,Fair,Yes,546184,44
314,4354,5,3,2,1996,Suburban,Fair,Yes,694467,30
315,2991,4,4,3,2010,Rural,Fair,No,297439,16
316,3160,2,3,2,1915,Urban,Poor,No,694691,111
317,3624,4,4,3,1922,Suburban,Excellent,No,978735,104
318,3551,4,3,2,1906,Suburban,Good,Yes,145287,120
319,504,5,2,1,1925,Downtown,Fair,No,169574,101
320,1376,4,2,3,1995,Suburban,Poor,Yes,830751,31
321,1491,4,3,2,1911,Urban,Fair,Yes,171509,115
322,4642,3,3,3,1971,Suburban,Excellent,Yes,397591,55
323,4864,5,3,3,1904,Rural,Good,No,945954,122
324,4965,1,4,2,2005,Suburban,Excellent,No,499181,21
325,1135,2,2,3,1991,Suburban,Poor,Yes,393288,35
326,2193,4,4,2,2016,Rural,Fair,Yes,822793,10
327,2182,2,2,1,1968,Suburban,Excellent,Yes,242589,58
328,619,1,1,3,1948,Suburban,Poor,Yes,929125,78
329,1330,2,4,1,1925,Downtown,Fair,No,406459,101
330,4175,1,2,3,1904,Urban,Good,Yes,538720,122
331,1869,3,2,3,1921,Downtown,Excellent,No,863819,105
332,1240,4,4,3,1978,Urban,Fair,Yes,54090,48
333,616,1,4,2,1912,Rural,Fair,No,957278,114
334,3338,2,2,1,1927,Rural,Fair,Yes,468161,99
335,1650,4,4,3,1932,Rural,Fair,No,876671,94
336,2431,3,3,2,2006,Urban,Excellent,No,53743,20
337,1512,4,4,3,1922,Urban,Fair,No,80924,104
338,2164,1,4,2,1996,Urban,Poor,Yes,191268,30
339,1581,3,4,3,2006,Rural,Excellent,No,966592,20
340,1012,2,2,1,1917,Urban,Fair,Yes,928247,109
341,3349,3,3,1,2013,Suburban,Excellent,No,679600,13
342,1059,3,1,3,2016,Downtown,Poor,No,381004,10
343,4172,5,1,2,1929,Rural,Poor,Yes,790537,97
344,3843,3,3,3,1925,Downtown,Excellent,No,798378,101
345,4570,3,3,2,1915,Suburban,Fair,No,279602,111
346,1970,4,3,3,1976,Urban,Fair,Yes,392543,50
347,1080,2,2,2,1938,Downtown,Poor,No,885227,88
348,2794,4,1,1,1932,Suburban,Fair,No,887985,94
349,3647,4,3,3,1925,Suburban,Poor,No,558928,101
350,4749,1,2,1,1947,Downtown,Fair,No,153976,79
351,2179,4,1,1,1964,Rural,Poor,Yes,205183,62
352,4006,5,4,3,2012,Downtown,Good,No,687854,14
353,3244,5,2,3,1937,Rural,Fair,No,307443,89
354,3856,1,1,2,1901,Urban,Fair,No,694256,125
355,4545,2,2,2,2012,Rural,Fair,No,111600,14
356,1743,2,1,1,1905,Urban,Excellent,No,624310,121
357,3618,4,1,2,1945,Downtown,Fair,No,708559,81
358,2641,4,4,2,1949,Urban,Excellent,No,887329,77
359,3559,4,2,3,1937,Suburban,Excellent,No,874470,89
360,3459,2,3,2,2005,Urban,Poor,Yes,173323,21
361,2765,3,4,1,1987,Rural,Excellent,Yes,236110,39
362,2979,5,4,2,1917,Rural,Excellent,Yes,694566,109
363,2135,3,1,1,1926,Rural,Good,Yes,947486,100
364,2257,3,3,3,1940,Urban,Fair,No,320041,86
365,4952,2,2,1,1971,Rural,Excellent,No,638829,55
366,2570,3,3,2,1991,Rural,Fair,Yes,156968,35
367,3349,1,3,3,1973,Suburban,Excellent,Yes,589180,53
368,3751,4,3,2,1916,Urban,Poor,Yes,975775,110
369,4230,1,3,3,2018,Suburban,Good,No,74815,8
370,2989,5,3,3,1961,Rural,Excellent,No,882044,65
371,2131,4,1,2,1928,Rural,Fair,Yes,476573,98
372,3316,3,1,2,1957,Rural,Poor,Yes,518304,69
373,1515,5,4,3,1969,Urban,Fair,Yes,852699,57
374,1848,4,1,3,1977,Downtown,Poor,Yes,854700,49
375,3587,3,4,2,1921,Rural,Good,Yes,688751,105
376,3339,1,4,1,2017,Rural,Poor,No,981767,9
377,835,4,2,2,1905,Rural,Fair,Yes,514151,121
378,1395,3,3,3,1925,Rural,Fair,No,931779,101
379,4046,1,1,2,1938,Urban,Excellent,Yes,240732,88
380,1351,5,2,1,1911,Downtown,Poor,Yes,246599,115
381,2187,5,1,2,1998,Downtown,Fair,No,244451,28
382,2431,5,4,3,1913,Downtown,Excellent,Yes,406686,113
383,4246,5,1,2,1921,Rural,Good,No,746631,105
384,2927,2,3,3,1950,Rural,Fair,No,378756,76
385,2068,4,4,3,1922,Downtown,Excellent,Yes,188307,104
386,4500,4,4,2,1947,Downtown,Fair,Yes,138757,79
387,3238,2,2,3,1970,Rural,Poor,No,459633,56
388,3998,3,3,3,2003,Rural,Excellent,No,934507,23
389,4413,3,4,1,1949,Suburban,Poor,Yes,346753,77
390,1566,5,3,1,1988,Suburban,Good,No,939217,38
391,4880,1,1,1,1912,Suburban,Poor,Yes,304200,114
392,2944,3,3,1,1984,Downtown,Excellent,No,597933,42
393,4607,1,4,3,2004,Urban,Fair,Yes,506089,22
394,3873,4,2,2,1909,Rural,Excellent,No,769918,117
395,4469,1,4,3,2016,Suburban,Poor,No,374377,10
396,3046,4,3,3,1954,Urban,Poor,Yes,423587,72
397,1253,2,3,3,2022,Rural,Fair,No,204473,4
398,2582,2,4,2,1908,Urban,Good,No,844203,118
399,3274,5,3,1,1978,Downtown,Excellent,No,517667,48
400,3396,3,1,3,1951,Downtown,Fair,No,522650,75
401,4685,5,4,3,1901,Downtown,Fair,No,510665,125
402,1275,4,2,1,1924,Suburban,Fair,No,414745,102
403,2125,5,4,3,1912,Rural,Excellent,No,535820,114
404,3569,1,1,2,1997,Downtown,Excellent,Yes,445158,29
405,917,4,1,3,1950,Suburban,Excellent,No,725748,76
406,614,2,1,3,1957,Suburban,Good,No,961656,69
407,1116,3,1,1,1933,Suburban,Fair,Yes,657539,93
408,4474,4,1,3,1934,Suburban,Poor,No,631330,92
409,3767,4,2,3,2001,Downtown,Poor,No,890172,25
410,1325,1,3,2,1902,Suburban,Fair,Yes,246945,124
411,2016,3,1,1,2005,Downtown,Poor,No,621312,21
412,3646,2,1,1,2019,Downtown,Good,No,728810,7
413,912,4,4,2,1958,Suburban,Good,Yes,631253,68
414,1228,4,2,3,1969,Downtown,Excellent,Yes,322201,57
415,3848,1,2,1,2018,Rural,Excellent,No,798609,8
416,3308,5,3,1,1947,Rural,Excellent,No,845415,79
417,1175,2,2,3,1963,Urban,Excellent,Yes,442613,63
418,3965,3,4,3,2012,Rural,Excellent,No,594283,14
419,3004,4,4,1,1918,Downtown,Poor,Yes,164587,108
420,3467,4,3,3,1966,Downtown,Poor,Yes,283076,60
421,3286,2,4,1,1981,Rural,Excellent,Yes,796988,45
422,1622,5,1,3,2002,Suburban,Good,No,520897,24
423,4579,4,1,3,1972,Suburban,Poor,Yes,88886,54
424,2071,2,4,2,2015,Downtown,Good,Yes,401169,11
425,2643,1,3,3,1975,Suburban,Good,Yes,539788,51
426,2187,5,2,2,1904,Urban,Fair,No,145149,122
427,4632,3,3,3,1966,Urban,Fair,No,668308,60
428,4351,4,2,1,1910,Rural,Excellent,No,576961,116
429,3940,2,4,1,2020,Rural,Good,Yes,913945,6
430,4266,1,4,3,1993,Suburban,Poor,No,73466,33
431,2826,3,1,3,1967,Downtown,Fair,No,287626,59
432,3414,2,2,1,1968,Rural,Fair,Yes,928977,58
433,4452,2,3,3,1900,Urban,Good,Yes,559966,126
434,1095,3,4,2,1990,Rural,Fair,No,624694,36
435,1228,1,3,2,1991,Rural,Fair,No,446904,35
436,1865,1,1,2,1962,Urban,Poor,Yes,643572,64
437,4992,5,2,2,1928,Downtown,Good,No,810006,98
438,1198,4,2,2,1981,Rural,Fair,Yes,951011,45
439,895,3,4,3,1911,Rural,Good,Yes,587953,115
440,4671,3,2,3,1976,Rural,Fair,No,594929,50
441,4860,3,4,2,1940,Suburban,Poor,No,475716,86
442,3002,1,1,3,1901,Rural,Good,No,610085,125
443,2319,4,2,3,1936,Urban,Fair,No,790126,90
444,1217,5,4,2,1944,Downtown,Poor,Yes,358094,82
445,3282,2,3,3,1979,Downtown,Fair,No,992550,47
446,4077,2,4,3,1947,Urban,Good,No,965986,79
447,643,3,2,3,1923,Suburban,Fair,No,676627,103
448,3640,4,1,2,1998,Urban,Good,Yes,687719,28
449,4991,1,2,3,1921,Downtown,Good,No,282275,105
450,3438,4,2,1,1999,Urban,Fair,No,452854,27
451,4136,4,4,1,1910,Suburban,Poor,Yes,857605,116
452,3722,1,3,2,2018,Downtown,Excellent,Yes,718582,8
453,1667,3,2,1,1957,Suburban,Poor,Yes,231136,69
454,3116,4,3,2,1945,Urban,Poor,Yes,218082,81
455,1562,2,4,1,1928,Rural,Fair,Yes,303301,98
456,2656,1,3,1,1934,Urban,Poor,No,592383,92
457,3482,5,4,1,2011,Suburban,Poor,Yes,173554,15
458,3794,3,1,2,2017,Urban,Excellent,Yes,444655,9
459,1656,1,3,2,1914,Rural,Poor,Yes,962046,112
460,1232,5,3,3,1959,Suburban,Excellent,Yes,809277,67
461,4830,5,1,2,1994,Urban,Fair,Yes,528766,32
462,1453,4,3,1,1941,Suburban,Excellent,Yes,972879,85
463,3039,4,1,1,2004,Suburban,Good,Yes,663311,22
464,3824,4,2,2,1942,Downtown,Good,Yes,681469,84
465,3801,1,4,2,1979,Downtown,Excellent,No,272310,47
466,2042,1,1,2,1973,Suburban,Good,No,857032,53
467,1691,3,3,3,1948,Urban,Fair,No,838898,78
468,3493,4,1,1,1963,Urban,Good,Yes,830637,63
469,3181,5,3,3,1931,Urban,Excellent,Yes,549344,95
470,1717,2,2,3,1963,Rural,Fair,Yes,750457,63
471,2040,3,1,1,2014,Suburban,Good,No,946366,12
472,3736,1,2,1,1901,Suburban,Fair,Yes,627564,125
473,2886,3,4,2,1923,Rural,Excellent,Yes,493333,103
474,4219,3,3,2,1986,Suburban,Good,Yes,490187,40
475,1888,3,3,3,1965,Suburban,Fair,No,319072,61
476,2356,3,2,2,1937,Rural,Fair,No,891741,89
477,1865,2,4,2,1930,Downtown,Good,Yes,255719,96
478,999,4,1,1,2014,Suburban,Fair,No,746248,12
479,2180,5,1,1,2003,Rural,Fair,Yes,800385,23
480,1010,3,3,2,1925,Urban,Excellent,Yes,749192,101
481,4812,3,2,1,1928,Downtown,Excellent,No,166196,98
482,1824,3,2,2,1966,Urban,Excellent,No,59404,60
483,1655,4,1,1,2021,Suburban,Excellent,No,476855,5
484,2327,1,4,1,1977,Downtown,Excellent,No,783478,49
485,3641,1,4,1,1924,Rural,Excellent,Yes,503814,102
486,3986,2,1,1,1947,Suburban,Good,Yes,687475,79
487,2310,1,1,2,1964,Rural,Excellent,No,946881,62
488,3423,3,2,3,1952,Downtown,Fair,No,601972,74
489,2714,3,4,1,1966,Urban,Good,Yes,642879,60
490,4686,3,1,2,2017,Suburban,Fair,Yes,431965,9
491,1213,2,1,2,1989,Suburban,Excellent,Yes,783082,37
492,4102,3,3,1,1917,Rural,Excellent,Yes,314826,109
493,4634,1,1,3,1908,Downtown,Fair,No,161186,118
494,4022,4,1,1,1937,Rural,Fair,No,817469,89
495,4768,4,4,2,1986,Downtown,Fair,No,596120,40
496,1743,5,2,3,1920,Suburban,Poor,Yes,591285,106
497,4209,1,4,2,2020,Downtown,Poor,Yes,346784,6
498,1581,3,2,1,1964,Suburban,Poor,No,520098,62
499,955,4,3,3,1920,Downtown,Poor,No,90491,106
500,1394,1,1,2,1926,Urban,Good,No,113043,100
501,1884,4,3,2,2005,Downtown,Excellent,Yes,948607,21
502,2458,3,2,2,2022,Urban,Fair,No,178568,4
503,3572,4,4,1,1969,Downtown,Excellent,Yes,426394,57
504,2496,5,4,3,2018,Downtown,Fair,No,647013,8
505,4785,5,3,1,1943,Rural,Excellent,No,178131,83
506,1004,4,2,1,1999,Rural,Good,No,95520,27
507,1714,1,3,1,1927,Suburban,Poor,Yes,375063,99
508,2031,1,3,3,1944,Rural,Excellent,Yes,684157,82
509,3940,1,1,1,1916,Downtown,Fair,Yes,638730,110
510,1323,4,3,1,2022,Rural,Excellent,Yes,835313,4
511,1428,1,1,1,1939,Downtown,Good,Yes,202842,87
512,633,3,1,1,2021,Urban,Good,Yes,417390,5
513,2605,5,4,2,2015,Downtown,Excellent,No,752858,11
514,4127,3,1,1,1902,Suburban,Poor,Yes,421831,124
515,2352,1,1,2,1975,Urban,Fair,No,572485,51
516,4675,3,4,1,2002,Suburban,Good,Yes,697735,24
517,3433,1,3,3,1975,Suburban,Good,No,635765,51
518,3784,4,2,2,1965,Suburban,Excellent,No,574532,61
519,4798,3,2,2,2019,Rural,Good,Yes,915885,7
520,3311,4,2,2,1945,Suburban,Good,No,500953,81
521,1750,4,3,2,1985,Urban,Fair,Yes,227561,41
522,4012,2,1,3,1986,Downtown,Poor,Yes,964394,40
523,1756,1,2,1,1929,Suburban,Fair,Yes,907735,97
524,3876,5,3,2,1968,Urban,Poor,Yes,340534,58
525,3986,1,1,3,1908,Suburban,Fair,No,584535,118
526,4084,5,4,2,1984,Downtown,Excellent,Yes,250123,42
527,1896,1,2,1,1910,Urban,Good,No,765079,116
528,4137,4,1,2,1968,Urban,Poor,No,477894,58
529,3830,3,2,3,1998,Downtown,Excellent,No,531018,28
530,3203,3,2,1,1990,Urban,Good,Yes,257358,36
531,970,2,2,3,2012,Downtown,Good,No,866015,14
532,1853,5,1,1,1965,Urban,Good,Yes,566456,61
533,3283,5,3,1,1987,Urban,Fair,No,189148,39
534,3331,5,1,1,1930,Downtown,Excellent,Yes,985510,96
535,857,4,2,2,1932,Downtown,Excellent,Yes,196123,94
536,3519,5,1,3,1938,Urban,Good,Yes,447530,88
537,1167,3,4,3,1993,Urban,Poor,Yes,602958,33
538,4968,4,3,3,1945,Downtown,Excellent,No,543973,81
539,1645,1,1,1,1936,Rural,Fair,No,961352,90
540,4685,5,4,2,2014,Downtown,Poor,Yes,60236,12
541,4219,5,3,1,1991,Urban,Poor,No,85568,35
542,3245,1,4,3,1959,Urban,Poor,Yes,681615,67
543,1039,5,3,2,1930,Urban,Poor,Yes,305745,96
544,3279,1,1,2,1910,Downtown,Excellent,No,422332,116
545,4636,4,4,2,1986,Urban,Good,Yes,535119,40
546,4275,3,2,3,2020,Rural,Poor,Yes,328496,6
547,3008,1,4,2,1901,Suburban,Fair,Yes,700009,125
548,3279,2,3,2,2003,Rural,Fair,Yes,309291,23
549,1424,1,1,1,2004,Downtown,Good,Yes,488866,22
550,3456,5,3,1,1926,Urban,Excellent,No,453562,100
551,2081,4,4,2,1998,Downtown,Good,No,730516,28
552,3824,4,4,2,1901,Suburban,Poor,No,105904,125
553,4985,1,2,1,2002,Downtown,Excellent,Yes,981539,24
554,755,3,1,1,2000,Urban,Excellent,Yes,958573,26
555,2338,2,1,1,1920,Suburban,Poor,Yes,328252,106
556,2444,4,4,3,1957,Suburban,Fair,Yes,572247,69
557,509,5,1,3,1904,Urban,Poor,Yes,839285,122
558,3371,5,2,1,1951,Urban,Good,Yes,396300,75
559,1297,3,3,2,1944,Urban,Poor,No,316320,82
560,1515,4,1,1,1984,Downtown,Fair,Yes,674747,42
561,2324,1,4,3,1992,Rural,Poor,No,469136,34
562,4969,5,3,2,1919,Downtown,Good,Yes,235922,107
563,3636,3,3,3,1960,Downtown,Good,No,187901,66
564,2693,4,2,2,1937,Rural,Fair,Yes,173225,89
565,723,4,4,3,1919,Urban,Good,No,543406,107
566,4658,4,1,2,2013,Urban,Good,No,810135,13
567,4425,4,4,2,1924,Rural,Poor,Yes,271738,102
568,4500,4,3,2,1901,Rural,Excellent,Yes,954890,125
569,2133,5,4,2,2020,Downtown,Good,No,685181,6
570,2652,3,1,3,1931,Suburban,Good,Yes,910359,95
571,1010,4,1,3,1925,Rural,Fair,Yes,528076,101
572,884,2,2,2,1969,Downtown,Fair,Yes,954610,57
573,904,2,1,2,1940,Suburban,Poor,No,292726,86
574,2500,3,1,3,2020,Urban,Poor,Yes,352811,6
575,3256,1,4,2,1966,Urban,Good,No,771202,60
576,2168,1,4,2,1996,Downtown,Excellent,No,479059,30
577,1960,1,3,2,1900,Downtown,Excellent,Yes,756168,126
578,4136,2,2,1,1950,Rural,Poor,No,473759,76
579,3224,1,4,2,1904,Urban,Fair,Yes,515996,122
580,4678,5,1,1,1912,Downtown,Good,Yes,56611,114
581,2548,4,3,2,1918,Urban,Good,No,400386,108
582,4646,2,4,3,1911,Urban,Excellent,No,921044,115
583,1216,3,2,1,1947,Rural,Poor,No,883334,79
584,2323,3,2,1,1924,Suburban,Excellent,No,821812,102
585,2581,4,3,2,1956,Rural,Excellent,No,345187,70
586,3919,2,3,2,2014,Downtown,Poor,Yes,186343,12
587,2074,1,3,1,1934,Rural,Fair,No,909299,92
588,749,1,3,3,1975,Rural,Good,Yes,389233,51
589,1173,5,3,3,1993,Urban,Fair,Yes,895177,33
590,2665,5,1,2,1904,Rural,Poor,No,540092,122
591,1270,1,1,3,1997,Downtown,Poor,No,240191,29
592,4462,3,4,3,1921,Suburban,Good,No,716933,105
593,4863,3,2,2,2002,Rural,Fair,No,726769,24
594,2484,5,1,3,1976,Rural,Good,No,922402,50
595,1577,4,1,2,1956,Suburban,Excellent,Yes,336608,70
596,735,1,1,1,1946,Downtown,Excellent,Yes,299220,80
597,888,5,4,2,1953,Downtown,Excellent,Yes,486056,73
598,3537,5,3,1,1902,Rural,Fair,No,692811,124
599,2348,1,4,1,2023,Urban,Excellent,No,594950,3
600,3314,1,2,3,1952,Rural,Good,Yes,854660,74
601,3874,3,2,3,1983,Suburban,Fair,No,635009,43
602,3778,4,2,3,1930,Suburban,Good,No,712746,96
603,1752,4,2,2,1968,Suburban,Poor,No,843294,58
604,4481,1,1,3,1987,Rural,Fair,Yes,614396,39
605,2622,2,1,1,2003,Rural,Good,No,141788,23
606,2650,5,4,3,2017,Downtown,Good,Yes,518239,9
607,1829,5,3,3,1932,Urban,Fair,No,294437,94
608,1858,1,2,2,1971,Rural,Poor,No,811299,55
609,2982,2,4,2,1987,Downtown,Fair,Yes,916572,39
610,2517,3,1,1,1949,Rural,Excellent,No,732561,77
611,1831,1,1,2,1983,Downtown,Excellent,No,905010,43
612,4844,1,3,3,2023,Downtown,Poor,No,99966,3
613,4761,5,3,2,1915,Urban,Good,Yes,235846,111
614,1858,1,3,1,2013,Rural,Good,No,322530,13
615,3677,1,4,3,2015,Downtown,Good,No,651516,11
616,2628,1,1,1,1975,Suburban,Fair,No,196297,51
617,2680,5,1,2,1976,Suburban,Fair,No,459909,50
618,637,3,3,2,2008,Suburban,Poor,No,384341,18
619,3972,3,2,1,2005,Urban,Excellent,Yes,93021,21
620,3332,1,3,3,1938,Downtown,Good,Yes,431059,88
621,4079,5,4,2,1988,Urban,Excellent,No,199333,38
622,3531,3,3,2,1945,Rural,Fair,No,470594,81
623,4664,3,3,3,1995,Rural,Fair,Yes,953606,31
624,3093,3,4,2,1987,Downtown,Fair,No,826934,39
625,4800,5,3,1,2011,Suburban,Excellent,No,136755,15
626,4318,5,1,2,1946,Downtown,Poor,No,979441,80
627,4638,1,2,2,1943,Downtown,Poor,No,116330,83
628,4323,4,3,3,1908,Downtown,Fair,No,752726,118
629,4542,3,4,1,2003,Urban,Good,No,908754,23
630,2406,4,2,3,2013,Rural,Excellent,No,938750,13
631,1260,5,4,2,1986,Downtown,Fair,No,619601,40
632,3945,5,2,2,1949,Downtown,Excellent,Yes,284729,77
633,1399,5,2,3,1976,Downtown,Excellent,Yes,807071,50
634,4955,4,3,3,1959,Urban,Poor,No,339176,67
635,3447,5,1,3,2022,Urban,Fair,No,535179,4
636,2219,1,3,1,1995,Urban,Poor,No,198430,31
637,780,5,4,2,2013,Downtown,Fair,No,898142,13
638,3766,2,4,3,1914,Suburban,Excellent,Yes,407470,112
639,2387,4,2,2,1935,Suburban,Poor,Yes,398301,91
640,3766,2,2,1,2012,Suburban,Excellent,Yes,492037,14
641,1166,5,1,1,1962,Rural,Fair,Yes,78365,64
642,4688,1,3,1,1968,Downtown,Good,No,325333,58
643,1171,3,4,1,1985,Suburban,Poor,No,519965,41
644,2469,5,2,2,1979,Suburban,Poor,No,581536,47
645,4656,1,1,1,1940,Suburban,Excellent,Yes,54369,86
646,3622,4,4,1,1973,Downtown,Excellent,No,506979,53
647,4400,2,2,3,1923,Suburban,Good,No,975554,103
648,1023,2,4,1,1981,Suburban,Poor,Yes,865037,45
649,2893,2,1,3,1948,Downtown,Fair,Yes,886048,78
650,3617,4,1,1,1917,Rural,Fair,Yes,497695,109
651,3093,1,4,1,1906,Urban,Poor,Yes,415863,120
652,2468,4,3,3,1903,Suburban,Poor,Yes,221955,123
653,2253,2,4,1,1989,Urban,Poor,No,607343,37
654,2796,5,2,2,1968,Rural,Good,No,774091,58
655,2761,3,3,2,1959,Rural,Fair,Yes,428824,67
656,2786,4,2,1,1954,Suburban,Fair,No,319594,72
657,4702,4,4,2,1915,Downtown,Excellent,No,183997,111
658,3378,1,3,3,1998,Rural,Excellent,No,523267,28
659,4643,1,2,1,1989,Urban,Poor,No,100272,37
660,4144,4,4,1,1981,Urban,Excellent,Yes,55310,45
661,4932,2,4,3,1928,Urban,Good,No,81817,98
662,2555,3,3,3,1922,Urban,Fair,No,558350,104
663,1776,1,4,3,2016,Rural,Fair,No,536160,10
664,3266,2,1,1,1913,Suburban,Excellent,Yes,487744,113
665,802,5,2,3,1978,Suburban,Poor,No,790176,48
666,1138,1,2,3,1948,Urban,Excellent,Yes,132641,78
667,555,2,4,2,1932,Suburban,Poor,Yes,789443,94
668,1025,2,4,2,1924,Urban,Good,Yes,781670,102
669,4623,3,1,1,1920,Urban,Fair,Yes,589745,106
670,2625,3,3,2,1916,Downtown,Good,No,92311,110
671,3787,5,4,2,1922,Rural,Fair,Yes,971484,104
672,864,2,4,3,1956,Rural,Good,Yes,201958,70
673,2146,2,4,3,2006,Urban,Excellent,Yes,520328,20
674,1418,3,4,2,1980,Rural,Good,Yes,494093,46
675,3297,1,2,2,1957,Suburban,Good,Yes,697861,69
676,2031,1,4,2,1913,Urban,Excellent,No,409571,113
677,3845,4,2,1,1992,Downtown,Fair,Yes,872613,34
678,2406,3,4,1,1919,Suburban,Fair,No,214334,107
679,3586,4,3,1,1929,Downtown,Excellent,No,968451,97
680,2575,3,1,2,1918,Downtown,Good,Yes,443238,108
681,1213,5,3,2,1952,Rural,Good,No,837560,74
682,1562,2,4,1,2002,Rural,Good,No,653810,24
683,2476,5,4,1,1955,Urban,Poor,No,213394,71
684,1796,3,4,2,1976,Rural,Fair,Yes,98929,50
685,625,2,3,3,1981,Downtown,Good,Yes,655984,45
686,4096,1,4,1,1922,Downtown,Fair,Yes,427389,104
687,3783,1,3,2,1961,Suburban,Good,Yes,846240,65
688,2103,4,2,2,2009,Downtown,Excellent,Yes,669436,17
689,566,3,1,3,1932,Urban,Excellent,Yes,496098,94
690,732,3,1,2,2002,Urban,Fair,Yes,858157,24
691,2656,1,3,2,2003,Rural,Fair,No,384678,23
692,1669,5,2,1,1917,Rural,Excellent,No,352094,109
693,2658,2,3,1,1972,Rural,Poor,Yes,794314,54
694,4706,5,2,3,1932,Urban,Excellent,No,133576,94
695,1993,5,4,3,1931,Downtown,Good,Yes,70557,95
696,4507,1,2,2,1960,Rural,Poor,Yes,596113,66
697,2972,1,2,1,1953,Suburban,Excellent,Yes,321142,73
698,3160,1,2,3,1916,Rural,Poor,No,86080,110
699,3239,4,1,3,1918,Urban,Poor,Yes,833103,108
700,2261,5,2,3,1990,Rural,Poor,Yes,238869,36
701,4014,3,4,2,1969,Downtown,Fair,Yes,721162,57
702,2475,2,4,1,1998,Rural,Excellent,Yes,978671,28
703,2862,4,4,3,2019,Urban,Fair,No,543844,7
704,1376,3,2,1,2000,Urban,Fair,Yes,616695,26
705,4312,5,3,3,1933,Suburban,Good,No,170283,93
706,3948,1,3,3,1983,Urban,Good,No,63338,43
707,1812,5,4,1,1924,Suburban,Poor,Yes,650577,102
708,1960,2,1,1,1967,Downtown,Poor,Yes,514736,59
709,3209,4,3,1,1973,Urban,Good,No,724255,53
710,2824,4,2,2,1973,Rural,Good,No,228982,53
711,2233,2,3,3,1987,Downtown,Excellent,No,967461,39
712,2105,3,4,2,1984,Rural,Poor,No,159367,42
713,3063,3,1,1,1910,Rural,Poor,Yes,378042,116
714,3921,4,3,3,1990,Rural,Good,No,970958,36
715,4017,4,3,2,1915,Downtown,Excellent,No,691774,111
716,2897,1,4,3,1989,Downtown,Good,No,398684,37
717,4235,3,1,2,1960,Urban,Good,No,544775,66
718,3370,2,1,1,1993,Rural,Fair,Yes,788497,33
719,1660,3,4,2,2012,Suburban,Poor,Yes,493853,14
720,742,1,2,3,1979,Urban,Excellent,Yes,830343,47
721,3090,4,3,3,1906,Downtown,Fair,No,710709,120
722,1563,4,2,3,1915,Suburban,Poor,No,961848,111
723,4824,1,3,3,1998,Downtown,Good,Yes,876395,28
724,3095,2,3,1,2021,Suburban,Excellent,Yes,450966,5
725,1419,4,2,2,1915,Urban,Poor,No,407073,111
726,505,5,4,1,1939,Suburban,Good,Yes,727823,87
727,967,4,4,1,1911,Urban,Fair,No,649223,115
728,4670,5,3,1,1934,Downtown,Excellent,No,764152,92
729,503,1,4,3,2012,Suburban,Poor,No,850118,14
730,1145,1,3,3,1920,Rural,Fair,No,549555,106
731,617,4,4,3,1949,Rural,Good,No,113528,77
732,3428,3,3,2,1942,Downtown,Good,No,674099,84
733,3051,5,4,3,1999,Suburban,Poor,Yes,558907,27
734,4789,2,1,2,2011,Rural,Good,Yes,334931,15
735,1346,4,2,3,1916,Urban,Excellent,Yes,982280,110
736,3262,2,1,3,1931,Suburban,Poor,No,427757,95
737,1641,4,2,1,1940,Suburban,Fair,Yes,762787,86
738,2310,3,2,1,1905,Rural,Poor,No,834429,121
739,1223,3,3,1,1987,Urban,Poor,No,154887,39
740,724,3,2,2,1926,Urban,Fair,No,111086,100
741,4708,3,1,2,1919,Urban,Good,No,938663,107
742,2548,1,1,3,1924,Suburban,Fair,Yes,305494,102
743,4915,1,4,2,1965,Downtown,Excellent,Yes,558889,61
744,2073,5,1,3,1908,Suburban,Good,Yes,637596,118
745,2328,2,4,2,1991,Suburban,Poor,No,327941,35
746,2417,4,2,2,1952,Rural,Good,Yes,317446,74
747,4734,4,1,2,1960,Downtown,Good,Yes,506388,66
748,2526,1,2,1,1937,Urban,Excellent,Yes,612347,89
749,4244,4,1,2,1902,Rural,Good,No,181980,124
750,1401,1,1,1,1983,Suburban,Good,Yes,765612,43
751,2539,5,4,1,1969,Downtown,Good,No,523875,57
752,509,2,2,2,2002,Urban,Poor,Yes,193949,24
753,760,5,1,3,1996,Urban,Good,No,326383,30
754,2173,3,3,3,1954,Suburban,Fair,Yes,77313,72
755,2719,3,2,3,1900,Urban,Good,Yes,92103,126
756,2560,3,2,2,2000,Urban,Excellent,Yes,229480,26
757,4213,5,2,3,1969,Downtown,Good,No,526467,57
758,2119,4,4,1,1944,Rural,Good,Yes,138771,82
759,820,2,3,3,1997,Downtown,Poor,Yes,176228,29
760,1842,3,2,2,1946,Rural,Fair,No,141665,80
761,2876,3,1,3,1978,Rural,Good,No,846966,48
762,3332,3,1,1,2008,Rural,Fair,No,879492,18
763,3324,2,4,2,1925,Urban,Excellent,No,853621,101
764,2494,3,1,3,2020,Downtown,Poor,Yes,964863,6
765,3458,2,2,2,1913,Urban,Fair,Yes,660355,113
766,2538,3,1,2,2021,Suburban,Poor,No,847399,5
767,3990,5,2,2,1953,Downtown,Good,Yes,787351,73
768,4177,5,1,3,1970,Rural,Excellent,No,901995,56
769,1618,2,3,2,1945,Urban,Poor,Yes,320804,81
770,2104,5,4,3,2021,Urban,Good,No,430815,5
771,4527,2,4,1,1930,Downtown,Fair,Yes,534091,96
772,735,5,3,3,1987,Downtown,Excellent,No,179909,39
773,2469,5,3,1,1958,Rural,Excellent,No,483039,68
774,4929,2,4,3,1994,Rural,Fair,Yes,499058,32
775,2408,4,3,2,1928,Suburban,Fair,Yes,190688,98
776,875,5,2,3,2005,Rural,Excellent,Yes,125976,21
777,4030,3,1,2,1995,Urban,Poor,No,807496,31
778,3135,4,4,1,1916,Suburban,Excellent,Yes,229810,110
779,2070,2,3,3,1913,Suburban,Fair,No,325251,113
780,3060,4,2,2,2003,Suburban,Poor,Yes,766764,23
781,3891,1,4,1,1935,Downtown,Good,Yes,668470,91
782,3465,1,3,1,1957,Rural,Excellent,No,817441,69
783,4143,5,4,3,2011,Suburban,Fair,No,928219,15
784,4350,5,3,1,1923,Downtown,Good,Yes,852386,103
785,1372,3,4,2,2008,Downtown,Excellent,No,329087,18
786,1752,4,2,1,1962,Suburban,Excellent,No,90725,64
787,1814,1,2,1,2017,Suburban,Poor,Yes,881866,9
788,3398,5,1,2,1990,Urban,Fair,No,922183,36
789,577,4,4,1,1924,Suburban,Good,Yes,584398,102
790,3121,5,1,1,1958,Urban,Excellent,Yes,548864,68
791,4727,5,4,1,1931,Suburban,Poor,No,328606,95
792,1100,1,3,1,2015,Suburban,Good,Yes,391376,11
793,1565,1,3,2,1981,Rural,Good,No,759441,45
794,2636,5,1,1,2009,Suburban,Excellent,Yes,496015,17
795,2949,2,4,2,1917,Suburban,Good,No,640855,109
796,2843,5,1,1,1936,Urban,Excellent,No,532517,90
797,2363,5,2,1,1925,Urban,Poor,No,756584,101
798,1818,3,1,1,1908,Rural,Poor,No,439569,118
799,4097,3,1,1,2023,Suburban,Good,No,892495,3
800,4262,3,3,2,1998,Suburban,Excellent,Yes,163394,28
801,2690,2,1,2,1963,Urban,Fair,Yes,891672,63
802,1492,2,4,2,1971,Downtown,Poor,No,917784,55
803,3212,5,3,3,1919,Downtown,Excellent,Yes,198940,107
804,2692,3,1,1,1953,Downtown,Excellent,No,393133,73
805,1748,2,2,1,2005,Urban,Excellent,No,72222,21
806,3554,1,1,2,1985,Urban,Good,Yes,129794,41
807,4533,5,1,3,1982,Downtown,Fair,Yes,638212,44
808,2497,4,1,1,1929,Downtown,Good,No,674142,97
809,4187,5,3,2,1952,Suburban,Poor,No,914945,74
810,2651,4,4,1,1991,Urban,Good,No,834326,35
811,4518,3,2,1,1998,Urban,Excellent,No,891081,28
812,3610,4,1,2,2006,Downtown,Good,No,415130,20
813,2470,3,4,2,1962,Downtown,Excellent,No,818103,64
814,697,1,4,1,1910,Rural,Fair,Yes,920181,116
815,3126,4,3,1,1930,Urban,Good,No,283127,96
816,1702,5,2,2,1948,Rural,Good,No,554434,78
817,2535,3,3,1,2011,Suburban,Good,Yes,191295,15
818,977,5,4,1,2002,Rural,Excellent,No,229238,24
819,1754,2,4,2,1999,Downtown,Excellent,No,89369,27
820,1422,3,4,1,1993,Urban,Good,Yes,922811,33
821,919,4,3,1,1986,Urban,Good,No,905824,40
822,2704,3,2,3,1918,Rural,Fair,Yes,849093,108
823,3097,5,1,2,1911,Rural,Fair,No,720951,115
824,1620,1,3,3,1914,Suburban,Poor,Yes,383862,112
825,3568,3,4,3,1930,Suburban,Fair,Yes,760595,96
826,1450,4,3,3,1942,Downtown,Fair,Yes,320114,84
827,2836,2,4,1,2000,Downtown,Fair,No,97922,26
828,2743,1,1,1,1936,Downtown,Excellent,No,543614,90
829,3145,2,1,3,1978,Rural,Fair,Yes,867187,48
830,2357,3,2,3,1928,Rural,Fair,Yes,695214,98
831,2365,5,4,3,2013,Urban,Good,No,69416,13
832,3412,5,2,1,2006,Downtown,Excellent,No,63672,20
833,3353,4,2,3,1925,Rural,Poor,No,526684,101
834,3728,5,1,3,2007,Urban,Poor,No,178145,19
835,4219,1,3,2,1901,Downtown,Fair,No,752356,125
836,3728,5,3,2,1983,Suburban,Poor,Yes,910527,43
837,2871,4,2,1,1914,Suburban,Poor,No,50064,112
838,3391,3,1,2,2015,Rural,Poor,Yes,118835,11
839,4256,3,4,2,1903,Urban,Fair,No,251457,123
840,4725,5,3,2,1985,Suburban,Poor,Yes,973143,41
841,594,2,2,1,1949,Urban,Fair,Yes,297795,77
842,3174,3,3,2,1937,Urban,Good,No,454271,89
843,2455,5,3,1,1922,Suburban,Good,Yes,399738,104
844,1293,4,4,3,1958,Urban,Poor,Yes,996931,68
845,2334,5,1,2,1989,Suburban,Good,Yes,691204,37
846,2616,3,4,1,2014,Rural,Fair,Yes,956740,12
847,4606,4,1,2,1974,Downtown,Good,No,918948,52
848,3825,5,3,3,1927,Downtown,Poor,Yes,901098,99
849,3419,1,2,1,2019,Rural,Fair,No,245346,7
850,3097,4,4,1,1965,Suburban,Excellent,Yes,954726,61
851,3705,1,1,1,2022,Suburban,Fair,No,323010,4
852,1314,2,3,3,1907,Suburban,Good,No,53889,119
853,845,4,1,3,1928,Suburban,Excellent,No,168194,98
854,2849,1,1,3,1910,Rural,Fair,Yes,174714,116
855,862,3,1,1,2000,Downtown,Excellent,No,605623,26
856,2943,3,3,3,1917,Urban,Excellent,No,100547,109
857,2765,2,2,2,1954,Urban,Excellent,Yes,207234,72
858,2688,4,2,3,1949,Downtown,Fair,No,794809,77
859,3505,4,2,1,1913,Rural,Good,Yes,730047,113
860,3781,4,1,2,2017,Urban,Fair,Yes,935188,9
861,1484,2,3,3,1973,Downtown,Good,No,323139,53
862,2139,4,1,2,1998,Rural,Fair,Yes,499704,28
863,1327,3,2,2,1908,Urban,Fair,Yes,52631,118
864,3230,1,2,1,1998,Suburban,Fair,Yes,187039,28
865,4031,3,3,2,1910,Suburban,Good,No,924726,116
866,4951,3,1,2,1962,Rural,Fair,Yes,399422,64
867,3435,1,4,1,2007,Suburban,Excellent,Yes,638759,19
868,4376,3,4,1,1975,Rural,Fair,Yes,349260,51
869,626,2,2,1,1966,Downtown,Excellent,No,928548,60
870,3677,1,3,2,1952,Downtown,Poor,Yes,477443,74
871,3556,3,1,2,1938,Urban,Poor,No,707302,88
872,1103,5,1,2,1977,Rural,Good,Yes,621952,49
873,3949,3,2,1,1955,Urban,Good,No,733429,71
874,4646,2,2,3,1927,Urban,Poor,No,137342,99
875,4033,4,1,2,1974,Downtown,Fair,No,64407,52
876,3867,3,1,3,1938,Urban,Fair,Yes,163926,88
877,3868,4,2,1,1924,Suburban,Fair,Yes,371345,102
878,4297,5,1,2,1920,Urban,Poor,Yes,916525,106
879,2292,3,4,3,1909,Rural,Excellent,No,497564,117
880,3361,1,2,2,1942,Suburban,Good,Yes,787341,84
881,3976,4,1,2,1914,Downtown,Excellent,Yes,592166,112
882,3917,5,2,2,1982,Rural,Poor,No,133100,44
883,2145,1,3,3,1947,Suburban,Excellent,Yes,915061,79
884,1705,1,2,1,1985,Rural,Fair,Yes,498636,41
885,3530,1,2,2,1920,Suburban,Fair,No,544308,106
886,3372,1,3,1,1959,Rural,Excellent,No,273059,67
887,3572,3,4,1,2015,Rural,Poor,Yes,617456,11
888,2354,3,1,3,2007,Suburban,Excellent,No,300396,19
889,4521,3,3,3,1995,Downtown,Fair,Yes,824769,31
890,3208,5,2,1,1949,Downtown,Fair,Yes,367006,77
891,4002,5,1,2,1922,Rural,Poor,Yes,78004,104
892,1832,5,3,3,1912,Rural,Excellent,Yes,856903,114
893,701,2,1,2,1968,Downtown,Fair,Yes,574252,58
894,4007,5,1,2,1903,Downtown,Fair,No,666108,123
895,4712,3,3,2,1991,Urban,Excellent,No,241239,35
896,1074,3,1,1,1977,Downtown,Excellent,Yes,676517,49
897,1036,2,4,2,1971,Rural,Good,No,527044,55
898,2125,2,3,1,1908,Suburban,Poor,No,901740,118
899,2622,5,4,1,2020,Downtown,Poor,Yes,396113,6
900,885,4,2,2,2014,Urban,Excellent,No,64568,12
901,3781,2,1,2,1934,Urban,Poor,No,583754,92
902,974,1,2,2,2000,Urban,Fair,Yes,272129,26
903,917,3,2,2,1920,Suburban,Excellent,Yes,631612,106
904,4100,1,1,1,1957,Downtown,Excellent,Yes,938640,69
905,1454,3,3,2,1917,Downtown,Excellent,Yes,196539,109
906,1705,3,1,2,1996,Downtown,Good,Yes,650243,30
907,4620,2,2,1,1971,Suburban,Poor,Yes,197748,55
908,2490,2,2,3,2014,Suburban,Good,Yes,144791,12
909,4072,1,3,3,2012,Rural,Fair,No,736874,14
910,4880,3,1,1,1980,Urban,Poor,Yes,945150,46
911,4658,1,2,3,1942,Urban,Good,No,596938,84
912,3213,4,4,1,1994,Downtown,Excellent,No,400434,32
913,2703,1,2,2,1997,Suburban,Good,Yes,127701,29
914,3620,5,2,2,1905,Suburban,Excellent,No,847115,121
915,1466,1,3,3,1985,Downtown,Good,No,279164,41
916,3932,5,4,2,1977,Downtown,Good,No,503035,49
917,1188,5,2,3,1966,Rural,Good,Yes,655266,60
918,4743,5,2,3,1911,Urban,Excellent,No,579148,115
919,4201,4,4,2,1999,Urban,Good,No,709089,27
920,841,1,1,2,1911,Urban,Poor,Yes,605639,115
921,2224,1,1,3,2008,Rural,Poor,No,555920,18
922,4922,4,2,2,1965,Downtown,Poor,No,374888,61
923,2292,3,2,1,1901,Downtown,Excellent,No,729706,125
924,2259,2,1,2,1914,Urban,Excellent,No,956630,112
925,3712,1,3,2,1922,Urban,Poor,No,910587,104
926,1489,2,4,1,1928,Rural,Poor,Yes,171449,98
927,2762,4,4,2,1980,Suburban,Poor,No,650988,46
928,2982,3,3,2,1995,Suburban,Fair,Yes,809774,31
929,1451,3,3,3,1906,Urban,Poor,No,843387,120
930,1222,3,3,2,1993,Rural,Good,Yes,307571,33
931,3889,4,3,2,1927,Urban,Fair,Yes,513506,99
932,2579,5,3,1,1913,Suburban,Fair,Yes,487509,113
933,3217,5,3,3,1943,Urban,Excellent,No,766696,83
934,2832,2,4,3,1929,Suburban,Good,No,858094,97
935,3876,5,3,3,1980,Suburban,Excellent,No,580696,46
936,2000,5,1,2,1931,Suburban,Excellent,No,745763,95
937,785,3,3,3,2009,Downtown,Good,No,313369,17
938,3995,3,3,1,1969,Downtown,Excellent,Yes,979700,57
939,2565,2,4,3,2014,Urban,Good,Yes,513002,12
940,1268,1,4,1,1987,Suburban,Good,Yes,196444,39
941,3557,2,3,3,1905,Downtown,Excellent,No,831608,121
942,4789,2,4,3,1926,Urban,Poor,No,591567,100
943,2661,4,2,1,1981,Urban,Excellent,Yes,160401,45
944,3793,4,4,3,1987,Urban,Fair,No,276801,39
945,1446,2,4,3,2000,Urban,Excellent,No,821668,26
946,3835,2,4,3,2019,Urban,Good,Yes,553575,7
947,4650,2,4,2,1923,Rural,Fair,Yes,928836,103
948,1981,5,1,1,2001,Suburban,Good,No,219259,25
949,2401,4,1,3,1933,Urban,Poor,No,297145,93
950,3951,2,1,1,1939,Rural,Poor,Yes,360625,87
951,4564,3,3,1,1946,Suburban,Fair,No,733835,80
952,554,3,3,1,1978,Downtown,Poor,Yes,94552,48
953,2323,5,2,3,1974,Urban,Poor,Yes,249041,52
954,3962,5,1,3,1985,Rural,Excellent,Yes,257606,41
955,3579,1,3,1,2017,Downtown,Excellent,No,804965,9
956,1332,1,4,2,1923,Rural,Poor,Yes,836157,103
957,4908,1,4,1,1964,Suburban,Poor,Yes,450074,62
958,3306,5,1,2,1917,Suburban,Excellent,No,779846,109
959,2990,5,2,1,1943,Downtown,Poor,Yes,124474,83
960,827,5,2,1,1975,Rural,Poor,No,337312,51
961,3810,3,4,1,1956,Urban,Good,No,606387,70
962,3800,5,2,3,2006,Urban,Poor,No,252252,20
963,4175,3,1,2,1927,Downtown,Fair,Yes,814742,99
964,3554,1,4,2,2003,Downtown,Good,Yes,373599,23
965,2643,1,3,1,2023,Downtown,Fair,No,628528,3
966,1811,1,3,3,1970,Rural,Poor,No,386940,56
967,3691,2,2,3,1922,Urban,Excellent,No,891024,104
968,3038,2,4,2,1984,Urban,Good,Yes,835034,42
969,4483,4,4,3,1933,Urban,Excellent,No,434325,93
970,664,4,3,2,1910,Downtown,Good,No,302051,116
971,4777,4,4,2,1985,Urban,Excellent,No,151611,41
972,1322,2,4,2,2005,Suburban,Good,Yes,632334,21
973,1443,2,4,3,1934,Downtown,Good,No,824756,92
974,4925,4,2,2,2015,Urban,Fair,Yes,66488,11
975,1274,4,4,2,1992,Rural,Excellent,Yes,239913,34
976,2698,5,1,1,1941,Downtown,Fair,No,430665,85
977,3656,4,2,2,1927,Suburban,Fair,No,967899,99
978,4742,5,4,2,2022,Suburban,Excellent,No,758029,4
979,4195,3,4,1,1981,Rural,Good,Yes,716205,45
980,3952,2,1,1,1977,Rural,Fair,Yes,741419,49
981,1414,4,2,3,1981,Downtown,Excellent,Yes,68394,45
982,1808,2,3,2,1991,Downtown,Good,No,930425,35
983,4677,2,3,3,1923,Suburban,Fair,Yes,226978,103
984,1013,2,2,3,1907,Rural,Fair,No,109332,119
985,2420,3,4,1,2005,Downtown,Fair,No,218377,21
986,4094,1,4,3,2017,Suburban,Good,No,92628,9
987,1909,4,3,2,2008,Rural,Fair,Yes,857784,18
988,3690,1,3,1,1952,Suburban,Good,Yes,529898,74
989,4991,1,3,2,1971,Urban,Poor,Yes,919403,55
990,2055,1,1,2,1903,Rural,Fair,No,101993,123
991,1304,2,3,1,1990,Downtown,Poor,Yes,220458,36
992,1779,5,1,2,1999,Downtown,Excellent,Yes,939459,27
993,4077,2,2,1,1904,Urban,Fair,No,500281,122
994,3401,2,4,2,1996,Rural,Excellent,No,956644,30
995,1887,1,3,1,1948,Suburban,Excellent,Yes,528720,78
996,3261,2,4,3,1997,Downtown,Excellent,No,556357,29
997,3179,1,4,2,1929,Urban,Poor,Yes,58539,97
998,2606,5,3,1,1971,Urban,Good,No,182335,55
999,4723,4,3,2,2002,Rural,Poor,No,456521,24
1000,3268,1,2,2,1962,Rural,Poor,Yes,890249,64
1001,4453,5,1,2,1946,Downtown,Excellent,No,991902,80
1002,3686,4,1,1,1925,Urban,Fair,No,290310,101
1003,3780,3,4,3,1956,Suburban,Good,No,256873,70
1004,3073,1,3,3,1936,Urban,Excellent,Yes,361251,90
1005,3099,1,2,3,1997,Suburban,Good,No,999656,29
1006,4533,3,2,1,1906,Suburban,Poor,No,536476,120
1007,736,3,2,3,1939,Downtown,Good,Yes,998128,87
1008,1804,1,2,1,1991,Urban,Good,Yes,965672,35
1009,3930,3,2,2,1938,Suburban,Fair,No,411799,88
1010,1801,2,1,2,1961,Rural,Excellent,No,630420,65
1011,3041,4,1,3,2002,Suburban,Good,No,962133,24
1012,2551,4,1,1,1991,Rural,Good,Yes,155494,35
1013,941,4,3,2,1977,Rural,Poor,No,889411,49
1014,2576,2,4,1,1952,Urban,Poor,Yes,894445,74
1015,3680,3,2,1,2013,Rural,Good,Yes,275997,13
1016,3157,5,3,2,2001,Suburban,Excellent,No,638085,25
1017,4298,3,2,1,1903,Rural,Good,No,101798,123
1018,1304,1,1,2,2005,Urban,Good,Yes,722010,21
1019,574,4,3,2,1981,Downtown,Fair,No,469230,45
1020,2675,3,1,2,2007,Suburban,Excellent,No,650709,19
1021,4424,5,2,1,2011,Suburban,Fair,Yes,319578,15
1022,2589,1,2,2,1924,Urban,Excellent,No,866460,102
1023,540,2,4,1,1906,Urban,Excellent,Yes,640846,120
1024,2581,2,2,2,2001,Urban,Excellent,No,860763,25
1025,2122,5,1,2,1927,Urban,Fair,Yes,117573,99
1026,841,1,2,3,1968,Suburban,Fair,Yes,703761,58
1027,4552,4,4,3,1966,Downtown,Fair,No,517508,60
1028,2574,3,4,3,2007,Rural,Poor,Yes,227398,19
1029,1145,1,1,1,1994,Rural,Fair,Yes,395123,32
1030,4763,2,3,1,2010,Downtown,Poor,No,840555,16
1031,1109,5,2,2,2005,Downtown,Poor,No,328747,21
1032,954,5,4,2,2021,Downtown,Poor,No,378085,5
1033,3453,3,2,2,1919,Urban,Good,Yes,92597,107
1034,2208,5,2,2,1982,Suburban,Good,Yes,768598,44
1035,3972,5,3,1,2011,Suburban,Good,Yes,920670,15
1036,3469,1,4,2,2023,Suburban,Poor,No,485935,3
1037,3528,4,2,2,1910,Urban,Poor,Yes,797146,116
1038,3181,3,4,3,2003,Suburban,Excellent,Yes,353895,23
1039,4129,1,1,2,1966,Urban,Poor,No,962894,60
1040,4725,4,1,2,1986,Suburban,Good,Yes,136978,40
1041,3567,1,2,2,1906,Downtown,Poor,No,329837,120
1042,1886,1,4,1,1922,Rural,Poor,No,532757,104
1043,4276,5,2,3,1960,Rural,Excellent,No,218769,66
1044,3366,4,4,2,1970,Urban,Poor,Yes,406668,56
1045,3863,3,4,2,2009,Suburban,Fair,Yes,410013,17
1046,4624,3,3,3,1933,Rural,Excellent,Yes,735352,93
1047,648,4,3,2,2005,Downtown,Poor,No,375969,21
1048,4350,5,3,1,1918,Downtown,Poor,No,714882,108
1049,2558,2,2,2,1957,Downtown,Excellent,No,442619,69
1050,1636,1,3,1,1908,Urban,Poor,Yes,881838,118
1051,686,5,3,1,1947,Urban,Good,Yes,288078,79
1052,3354,4,1,2,2014,Suburban,Fair,Yes,290140,12
1053,1750,1,4,3,1981,Downtown,Fair,Yes,717481,45
1054,1833,3,4,1,1940,Suburban,Good,Yes,697659,86
1055,4693,2,3,3,1947,Suburban,Poor,No,457435,79
1056,4650,3,4,2,1944,Downtown,Poor,Yes,838049,82
1057,3211,4,1,1,2005,Suburban,Fair,No,93016,21
1058,2285,1,1,2,1924,Rural,Poor,No,493888,102
1059,1250,4,3,3,2015,Urban,Fair,Yes,336420,11
1060,2262,1,1,2,1977,Suburban,Fair,No,805247,49
1061,4420,5,4,2,2007,Downtown,Good,Yes,384384,19
1062,4960,2,2,1,1924,Urban,Fair,Yes,942724,102
1063,981,5,4,2,1918,Urban,Poor,No,236807,108
1064,653,5,2,2,1938,Suburban,Poor,Yes,592247,88
1065,2024,4,3,2,2018,Rural,Excellent,Yes,602810,8
1066,2620,2,2,1,1978,Suburban,Poor,No,499303,48
1067,2843,1,1,3,1979,Rural,Excellent,No,453169,47
1068,1740,1,4,3,1926,Urban,Fair,No,76567,100
1069,560,3,2,2,2003,Suburban,Poor,No,503739,23
1070,1438,1,4,1,1973,Downtown,Good,No,112708,53
1071,2139,4,3,2,1962,Suburban,Good,No,176206,64
1072,4620,5,3,3,1967,Rural,Good,Yes,596848,59
1073,4726,5,1,1,2014,Rural,Fair,Yes,632678,12
1074,4069,5,3,3,1918,Suburban,Fair,Yes,700060,108
1075,1752,2,2,3,1927,Rural,Excellent,No,511365,99
1076,4703,1,3,1,1984,Urban,Good,Yes,357248,42
1077,671,4,1,1,2022,Suburban,Excellent,No,632093,4
1078,1958,2,4,2,2010,Rural,Excellent,Yes,286109,16
1079,4049,3,4,2,1977,Suburban,Poor,No,545951,49
1080,4697,4,3,3,1932,Suburban,Poor,Yes,336640,94
1081,2822,4,2,1,2011,Downtown,Good,No,788661,15
1082,2136,4,1,1,1909,Suburban,Fair,No,141257,117
1083,3615,5,2,2,1982,Downtown,Poor,No,53515,44
1084,4590,4,1,3,1929,Rural,Fair,No,578742,97
1085,3504,1,3,3,1921,Downtown,Excellent,Yes,287145,105
1086,829,4,1,2,1902,Downtown,Excellent,Yes,72873,124
1087,4140,5,1,1,2000,Downtown,Excellent,No,910352,26
1088,4394,4,3,2,2004,Urban,Excellent,No,325871,22
1089,4607,3,2,2,1981,Downtown,Good,No,702664,45
1090,1841,3,3,2,1974,Suburban,Excellent,Yes,643358,52
1091,4163,5,1,2,1947,Downtown,Poor,No,935491,79
1092,715,1,3,1,1901,Suburban,Excellent,No,698852,125
1093,838,1,1,2,1975,Downtown,Fair,Yes,278497,51
1094,4562,2,3,1,1953,Urban,Poor,No,691501,73
1095,3208,5,4,2,1905,Rural,Fair,No,755339,121
1096,3652,4,4,3,2006,Downtown,Fair,Yes,599753,20
1097,2250,5,3,1,2022,Downtown,Good,No,234972,4
1098,2921,2,2,3,1939,Urban,Good,No,634087,87
1099,1209,5,1,2,2007,Downtown,Fair,Yes,560237,19
1100,4226,5,4,2,1992,Suburban,Fair,No,670417,34
1101,4142,2,2,2,2022,Downtown,Excellent,Yes,464546,4
1102,4493,1,1,1,1993,Downtown,Poor,No,713662,33
1103,988,4,4,3,1901,Rural,Excellent,No,419432,125
1104,546,2,4,1,1972,Rural,Good,No,293761,54
1105,3859,3,3,1,2010,Downtown,Good,No,292821,16
1106,900,1,1,2,1901,Urban,Excellent,No,62875,125
1107,4490,3,2,3,1992,Rural,Poor,Yes,601507,34
1108,3657,1,2,2,1996,Downtown,Fair,No,872614,30
1109,4845,4,2,1,1973,Rural,Excellent,No,785901,53
1110,890,4,1,2,1997,Downtown,Good,Yes,485485,29
1111,4353,5,2,3,2007,Rural,Poor,Yes,391925,19
1112,4930,3,2,2,1954,Rural,Good,No,56457,72
1113,1128,1,2,3,1971,Suburban,Poor,Yes,974253,55
1114,4732,4,3,3,2000,Downtown,Poor,No,83064,26
1115,3430,2,3,2,2017,Downtown,Poor,Yes,977325,9
1116,2021,4,1,1,1959,Downtown,Excellent,Yes,689544,67
1117,1326,2,1,2,1996,Downtown,Excellent,No,934729,30
1118,2000,1,2,1,2010,Rural,Excellent,Yes,808947,16
1119,3794,4,3,1,1905,Suburban,Poor,No,259727,121
1120,2919,4,4,2,2007,Suburban,Poor,Yes,975168,19
1121,1434,1,4,1,2003,Urban,Good,Yes,210353,23
1122,3542,4,2,1,2008,Downtown,Fair,Yes,832351,18
1123,4997,2,2,2,1918,Urban,Excellent,No,286887,108
1124,1966,4,3,2,1995,Rural,Poor,No,475037,31
1125,4061,3,3,2,1926,Urban,Good,Yes,809129,100
1126,1114,5,3,1,1900,Downtown,Good,No,992151,126
1127,1682,2,1,3,2006,Suburban,Good,No,644206,20
1128,3723,3,1,1,2015,Suburban,Excellent,No,263057,11
1129,3167,1,2,3,1932,Downtown,Excellent,Yes,526015,94
1130,630,2,1,2,1939,Rural,Fair,No,926611,87
1131,3483,5,3,3,1931,Downtown,Good,Yes,387088,95
1132,4778,5,3,2,1968,Rural,Excellent,Yes,139142,58
1133,4959,1,1,2,1916,Suburban,Good,Yes,77603,110
1134,538,1,4,3,1907,Rural,Poor,Yes,882890,119
1135,4459,2,2,2,1956,Downtown,Good,Yes,120605,70
1136,4087,4,4,3,1941,Downtown,Fair,No,331767,85
1137,1420,1,2,2,1997,Downtown,Excellent,No,618728,29
1138,3269,4,4,1,1908,Rural,Poor,Yes,918859,118
1139,4611,3,1,1,2019,Rural,Excellent,No,975208,7
1140,992,5,2,2,1986,Rural,Poor,No,405970,40
1141,1631,4,2,2,1934,Suburban,Good,No,339604,92
1142,4021,5,2,3,2013,Urban,Good,No,264117,13
1143,810,4,3,1,1970,Urban,Fair,No,788165,56
1144,1238,3,3,3,1978,Downtown,Fair,No,516727,48
1145,3741,1,4,2,1952,Suburban,Poor,No,160373,74
1146,1045,3,1,2,1953,Rural,Fair,Yes,974069,73
1147,2961,1,3,3,1983,Downtown,Fair,Yes,317014,43
1148,4846,1,2,2,2013,Suburban,Fair,Yes,68909,13
1149,2304,5,3,1,1924,Downtown,Fair,No,321261,102
1150,3712,3,1,3,1966,Suburban,Good,No,299975,60
1151,4310,4,3,1,2023,Suburban,Fair,Yes,903906,3
1152,1313,3,2,1,1961,Urban,Good,No,668214,65
1153,4624,5,4,1,1954,Downtown,Good,No,487538,72
1154,2532,1,2,3,1945,Rural,Excellent,Yes,177463,81
1155,4913,5,1,2,1923,Urban,Good,Yes,151536,103
1156,744,2,4,1,1997,Urban,Good,Yes,856560,29
1157,771,2,3,1,1945,Rural,Fair,No,301981,81
1158,4011,4,3,1,1921,Suburban,Good,No,540533,105
1159,2271,5,3,2,1910,Rural,Poor,No,381145,116
1160,1762,4,4,2,1947,Downtown,Fair,Yes,836872,79
1161,2924,4,2,3,1907,Rural,Fair,Yes,230685,119
1162,4861,2,4,2,1938,Suburban,Fair,No,697779,88
1163,1420,4,4,3,2006,Rural,Excellent,Yes,979167,20
1164,3930,2,1,3,1934,Suburban,Fair,Yes,547275,92
1165,4935,1,4,3,1948,Suburban,Good,No,200619,78
1166,4984,5,3,3,1945,Downtown,Poor,Yes,655950,81
1167,3124,4,2,3,1937,Rural,Fair,Yes,810416,89
1168,4260,2,2,1,1907,Rural,Fair,Yes,50005,119
1169,2550,3,2,2,1953,Downtown,Poor,No,284152,73
1170,4000,4,3,1,1936,Suburban,Fair,No,319182,90
1171,1665,1,3,3,1990,Rural,Excellent,Yes,842846,36
1172,875,1,3,2,1991,Downtown,Good,No,530875,35
1173,2533,3,3,1,1939,Suburban,Poor,No,905938,87
1174,645,2,3,1,1933,Downtown,Poor,No,913018,93
1175,4888,4,4,3,1995,Rural,Excellent,Yes,445822,31
1176,931,2,3,1,1978,Downtown,Good,No,852914,48
1177,1204,1,3,1,2007,Urban,Excellent,Yes,804189,19
1178,3132,2,3,1,1916,Suburban,Good,Yes,252945,110
1179,4994,1,3,1,1932,Urban,Excellent,No,608236,94
1180,1463,2,2,1,1946,Urban,Fair,Yes,402131,80
1181,2734,3,3,3,2009,Suburban,Excellent,No,272873,17
1182,2541,5,4,3,1951,Suburban,Poor,No,272322,75
1183,2328,3,4,1,2017,Downtown,Poor,Yes,70875,9
1184,2608,3,4,3,1979,Suburban,Poor,Yes,325201,47
1185,4568,5,1,3,1992,Urban,Excellent,No,82400,34
1186,1438,5,2,2,1908,Urban,Poor,No,514674,118
1187,1306,4,3,1,1932,Rural,Poor,No,118607,94
1188,1963,4,1,3,1959,Suburban,Fair,No,923993,67
1189,3915,3,3,3,2012,Urban,Fair,Yes,339647,14
1190,510,3,1,1,1992,Rural,Good,Yes,466981,34
1191,2368,1,1,2,1976,Rural,Good,Yes,151096,50
1192,1384,1,4,1,1920,Downtown,Good,No,620900,106
1193,4064,4,4,2,1957,Urban,Excellent,Yes,934750,69
1194,1889,4,1,1,1984,Downtown,Good,Yes,311538,42
1195,3901,1,4,1,1968,Urban,Excellent,Yes,134335,58
1196,4821,1,1,1,1909,Downtown,Excellent,Yes,413133,117
1197,1324,2,2,1,1905,Downtown,Good,No,667300,121
1198,2765,2,4,2,2019,Suburban,Good,Yes,131748,7
1199,1436,1,4,2,2014,Downtown,Excellent,Yes,976932,12
1200,3300,2,4,3,2020,Suburban,Fair,Yes,736779,6
1201,3053,5,2,1,1912,Rural,Poor,Yes,115195,114
1202,4345,4,1,2,1964,Urban,Poor,No,779055,62
1203,2296,4,3,2,1919,Rural,Poor,No,664134,107
1204,553,1,4,2,1956,Urban,Fair,Yes,676692,70
1205,1226,3,1,1,2010,Rural,Excellent,No,351286,16
1206,3236,1,2,3,1945,Urban,Good,No,835608,81
1207,3670,2,3,2,1907,Downtown,Excellent,No,121540,119
1208,2413,3,4,1,1909,Urban,Excellent,No,743649,117
1209,2096,2,2,2,1972,Urban,Good,Yes,389092,54
1210,2414,5,2,2,2012,Rural,Fair,No,895383,14
1211,2966,2,3,3,2004,Rural,Poor,No,61755,22
1212,3237,5,1,2,1966,Rural,Poor,Yes,827203,60
1213,1349,5,4,2,1910,Suburban,Excellent,Yes,430129,116
1214,2609,2,4,1,1911,Suburban,Fair,Yes,658841,115
1215,502,2,1,1,1909,Urban,Poor,Yes,184962,117
1216,4755,5,1,3,1924,Urban,Fair,No,930808,102
1217,4569,3,1,1,1948,Downtown,Good,Yes,306760,78
1218,1392,5,3,1,1948,Downtown,Excellent,No,67175,78
1219,2530,4,3,3,1988,Urban,Excellent,No,902119,38
1220,3660,5,4,2,1910,Suburban,Fair,Yes,921415,116
1221,2876,3,3,3,1961,Urban,Poor,Yes,531503,65
1222,2433,4,2,1,2017,Downtown,Fair,No,800071,9
1223,1880,1,4,3,1935,Suburban,Good,No,729648,91
1224,4181,1,3,2,1938,Suburban,Poor,Yes,96629,88
1225,1790,3,1,3,1952,Downtown,Poor,Yes,691067,74
1226,2140,5,2,1,1989,Urban,Fair,Yes,228872,37
1227,3182,2,1,1,1977,Rural,Good,No,742727,49
1228,1487,3,4,3,2002,Urban,Poor,No,520970,24
1229,1718,4,1,2,1955,Urban,Excellent,Yes,380657,71
1230,1855,4,3,3,2003,Downtown,Good,No,657050,23
1231,4765,1,3,2,1900,Suburban,Poor,Yes,210094,126
1232,4635,4,4,2,1955,Downtown,Fair,No,774689,71
1233,2060,3,1,3,2017,Urban,Poor,No,969163,9
1234,1918,4,4,2,1903,Rural,Excellent,Yes,107941,123
1235,1454,3,1,1,1929,Rural,Good,Yes,355617,97
1236,1483,2,2,3,1911,Rural,Poor,Yes,760958,115
1237,1474,1,3,2,2019,Downtown,Excellent,No,66040,7
1238,4633,4,4,1,1934,Suburban,Poor,No,119806,92
1239,4472,3,2,3,1976,Downtown,Poor,Yes,718646,50
1240,1413,5,2,1,1951,Rural,Good,No,250211,75
1241,536,1,4,1,1930,Urban,Fair,Yes,686364,96
1242,3887,2,4,1,2001,Suburban,Fair,No,105916,25
1243,2211,3,2,2,2006,Downtown,Excellent,Yes,722960,20
1244,3520,2,1,3,1986,Downtown,Excellent,No,445507,40
1245,1295,2,2,3,1967,Suburban,Excellent,No,456339,59
1246,4536,4,4,2,1951,Suburban,Good,No,840243,75
1247,3611,4,2,3,1979,Urban,Fair,No,605564,47
1248,1824,3,1,1,1906,Suburban,Excellent,Yes,235217,120
1249,817,5,3,3,1921,Urban,Excellent,No,917481,105
1250,2896,3,3,2,1992,Rural,Poor,Yes,251750,34
1251,2662,5,2,1,1974,Rural,Poor,Yes,269854,52
1252,3245,2,1,2,1955,Downtown,Excellent,Yes,796403,71
1253,2091,1,3,1,1996,Rural,Poor,Yes,994218,30
1254,3611,3,2,1,1957,Rural,Poor,No,761045,69
1255,4430,3,2,3,1992,Urban,Poor,Yes,717554,34
1256,2496,5,1,1,1963,Downtown,Good,No,385206,63
1257,1812,2,4,2,2022,Suburban,Excellent,No,200434,4
1258,1785,2,2,3,2002,Downtown,Excellent,No,890931,24
1259,4811,5,4,2,1911,Rural,Poor,No,620569,115
1260,2883,2,4,1,1906,Suburban,Good,Yes,881284,120
1261,3739,4,3,2,2022,Downtown,Poor,No,836408,4
1262,2639,1,4,2,1954,Downtown,Good,Yes,827981,72
1263,2204,3,1,1,2002,Downtown,Excellent,No,554869,24
1264,862,1,3,3,2005,Downtown,Poor,No,753196,21
1265,3104,3,3,2,1961,Urban,Excellent,Yes,578883,65
1266,2216,4,3,1,2011,Downtown,Good,No,670218,15
1267,4951,2,2,3,1989,Rural,Fair,No,196474,37
1268,4786,5,2,3,2003,Rural,Good,No,311745,23
1269,4238,4,4,3,1972,Urban,Fair,No,770643,54
1270,2969,1,3,2,2004,Suburban,Excellent,No,404820,22
1271,1056,5,3,2,1997,Suburban,Excellent,Yes,748083,29
1272,1325,2,1,2,2008,Rural,Poor,No,232394,18
1273,3308,4,4,3,1976,Rural,Fair,No,752124,50
1274,3219,5,1,2,1954,Urban,Good,Yes,468127,72
1275,4008,4,4,1,2018,Suburban,Excellent,No,796648,8
1276,4241,4,4,2,1935,Suburban,Fair,Yes,855837,91
1277,2074,2,2,2,1988,Downtown,Good,No,108122,38
1278,4498,3,2,3,1923,Downtown,Fair,No,804849,103
1279,2629,5,1,2,1943,Downtown,Good,Yes,282661,83
1280,2903,2,4,1,1916,Urban,Good,No,703197,110
1281,3829,4,3,3,1901,Rural,Good,No,315591,125
1282,1088,2,2,1,1912,Urban,Good,Yes,234215,114
1283,2512,3,3,3,1930,Suburban,Fair,Yes,60662,96
1284,2047,5,1,3,1992,Rural,Fair,No,506217,34
1285,794,3,2,2,2013,Downtown,Poor,Yes,632570,13
1286,2485,1,2,1,1927,Urban,Fair,No,448115,99
1287,3617,5,4,3,1959,Urban,Fair,Yes,865014,67
1288,2190,3,1,2,1926,Downtown,Poor,No,641759,100
1289,1636,4,4,3,1914,Urban,Fair,Yes,697801,112
1290,2564,5,2,3,1994,Downtown,Good,Yes,223285,32
1291,4955,5,1,3,2003,Suburban,Excellent,Yes,681866,23
1292,1507,2,2,3,1978,Rural,Excellent,Yes,912303,48
1293,3014,4,1,3,1932,Suburban,Poor,Yes,657493,94
1294,4026,1,2,3,1919,Suburban,Fair,Yes,910513,107
1295,1747,3,3,2,1941,Downtown,Fair,Yes,942215,85
1296,4402,2,3,3,1911,Urban,Poor,Yes,284631,115
1297,1935,3,4,1,2000,Suburban,Excellent,Yes,133805,26
1298,1071,1,3,2,1972,Suburban,Good,No,174698,54
1299,2882,1,2,1,1922,Suburban,Fair,Yes,218902,104
1300,1745,5,2,3,1971,Urban,Poor,No,974570,55
1301,2584,1,3,1,1995,Urban,Good,Yes,60712,31
1302,777,3,4,3,2011,Downtown,Poor,No,393671,15
1303,2387,4,3,3,1913,Suburban,Poor,No,965885,113
1304,1765,4,1,2,1990,Rural,Poor,Yes,701176,36
1305,1540,5,1,2,1924,Urban,Excellent,Yes,806686,102
1306,1417,3,1,3,1976,Downtown,Excellent,No,568680,50
1307,1385,3,3,2,2018,Suburban,Poor,No,246437,8
1308,3252,1,3,1,1984,Rural,Fair,Yes,661473,42
1309,521,3,3,2,2008,Urban,Good,Yes,411995,18
1310,3691,2,1,2,1930,Rural,Fair,Yes,474022,96
1311,2853,1,4,1,2000,Urban,Excellent,No,586498,26
1312,1186,2,2,2,2011,Downtown,Good,Yes,86972,15
1313,784,5,3,3,2021,Rural,Poor,Yes,811254,5
1314,4247,4,4,1,2006,Suburban,Fair,Yes,346280,20
1315,1262,5,2,3,1953,Suburban,Fair,Yes,487513,73
1316,2928,4,2,1,1904,Urban,Poor,Yes,952877,122
1317,3007,5,2,3,1912,Suburban,Fair,No,852377,114
1318,528,3,4,3,1927,Rural,Excellent,No,800561,99
1319,1406,2,4,2,1942,Downtown,Poor,Yes,391324,84
1320,3604,4,1,3,1988,Urban,Fair,Yes,382597,38
1321,4499,1,4,2,2014,Rural,Poor,No,921836,12
1322,3494,2,4,1,1998,Urban,Good,Yes,980728,28
1323,3006,1,4,3,1946,Downtown,Poor,No,53052,80
1324,4109,2,2,3,2002,Urban,Fair,Yes,339416,24
1325,4053,2,3,1,1970,Suburban,Excellent,No,353294,56
1326,1953,5,1,1,1937,Suburban,Poor,No,801564,89
1327,3856,4,3,3,1995,Urban,Poor,Yes,198388,31
1328,1015,4,3,1,1966,Downtown,Fair,No,496605,60
1329,538,2,4,2,1961,Downtown,Excellent,Yes,712600,65
1330,3842,3,1,1,2008,Suburban,Excellent,No,933527,18
1331,1386,3,3,1,1938,Downtown,Good,Yes,380918,88
1332,3344,1,3,3,1936,Urban,Good,Yes,879607,90
1333,2704,1,1,2,2018,Rural,Fair,Yes,443781,8
1334,1598,5,4,1,2013,Urban,Excellent,No,66375,13
1335,2323,2,3,2,1985,Suburban,Excellent,Yes,599998,41
1336,3701,1,2,2,1907,Suburban,Good,Yes,755255,119
1337,3655,1,3,2,1980,Suburban,Good,Yes,828912,46
1338,3593,2,2,3,1951,Downtown,Fair,No,720534,75
1339,4030,5,4,1,1990,Urban,Excellent,Yes,419170,36
1340,4278,1,3,3,1932,Rural,Poor,No,530545,94
1341,3396,5,1,1,2009,Urban,Good,No,77597,17
1342,3953,4,1,1,1980,Rural,Fair,No,386433,46
1343,4011,5,3,3,1941,Urban,Excellent,Yes,481613,85
1344,1488,3,4,2,1975,Suburban,Excellent,Yes,135687,51
1345,4616,3,4,2,2011,Rural,Good,No,168968,15
1346,4526,5,1,1,2009,Urban,Fair,Yes,614562,17
1347,4679,3,3,3,1926,Downtown,Poor,Yes,517453,100
1348,2182,4,4,2,2011,Downtown,Good,No,253570,15
1349,4463,2,1,2,1907,Urban,Fair,No,481413,119
1350,1433,3,2,1,1922,Suburban,Excellent,Yes,622922,104
1351,4098,3,3,1,2023,Rural,Poor,No,866473,3
1352,3733,5,2,3,2005,Urban,Fair,Yes,974752,21
1353,2480,4,2,1,2012,Downtown,Poor,No,397509,14
1354,2355,2,4,2,1963,Rural,Fair,Yes,969707,63
1355,3556,5,4,2,2022,Downtown,Fair,Yes,888418,4
1356,1292,5,4,2,1992,Downtown,Fair,No,861802,34
1357,1291,4,3,2,2013,Urban,Fair,Yes,347391,13
1358,2309,2,2,3,1919,Downtown,Poor,Yes,960835,107
1359,2755,4,3,3,1915,Rural,Good,No,431688,111
1360,4110,2,4,1,1916,Suburban,Poor,Yes,256994,110
1361,2107,4,2,1,1979,Urban,Fair,Yes,830768,47
1362,1484,5,3,1,1918,Rural,Poor,Yes,443650,108
1363,4176,5,3,3,2019,Urban,Poor,No,637270,7
1364,3880,1,1,2,2019,Downtown,Poor,No,901612,7
1365,1019,3,3,1,1907,Downtown,Fair,No,682822,119
1366,1090,4,4,2,1937,Rural,Poor,No,739834,89
1367,1550,1,3,1,1937,Rural,Excellent,No,336788,89
1368,4133,3,2,1,1952,Suburban,Fair,Yes,612781,74
1369,4944,4,3,1,1992,Rural,Poor,Yes,395968,34
1370,1459,2,1,1,2004,Rural,Excellent,Yes,564922,22
1371,1192,3,2,1,1999,Urban,Poor,No,971463,27
1372,4399,5,2,2,1989,Downtown,Good,Yes,883721,37
1373,4973,1,1,1,1930,Rural,Poor,No,978647,96
1374,3446,3,4,2,1943,Suburban,Poor,Yes,482809,83
1375,1026,3,2,3,1959,Rural,Good,No,482331,67
1376,3724,5,4,1,1975,Downtown,Fair,Yes,816505,51
1377,2753,4,2,2,2018,Rural,Good,Yes,727900,8
1378,3844,2,2,3,1916,Urban,Fair,No,347625,110
1379,4465,5,4,3,1978,Downtown,Good,Yes,276577,48
1380,2375,2,2,3,1972,Rural,Poor,Yes,651385,54
1381,2263,4,4,2,1938,Urban,Poor,No,859010,88
1382,1020,3,1,1,1941,Downtown,Fair,Yes,980291,85
1383,1516,2,4,1,1947,Rural,Fair,Yes,384192,79
1384,616,1,1,2,1911,Urban,Excellent,No,564771,115
1385,2933,1,2,1,1995,Suburban,Excellent,No,233951,31
1386,1083,5,4,2,1988,Urban,Poor,No,191668,38
1387,894,4,2,1,2002,Suburban,Poor,No,503885,24
1388,4288,5,4,3,1917,Rural,Excellent,No,463146,109
1389,3268,5,1,1,1978,Urban,Excellent,Yes,229022,48
1390,4667,5,1,2,1995,Suburban,Fair,No,932169,31
1391,4360,1,4,2,1905,Downtown,Good,No,330831,121
1392,773,1,1,3,2021,Urban,Fair,Yes,496049,5
1393,2513,5,2,2,2007,Rural,Excellent,Yes,172540,19
1394,4933,1,2,1,1942,Downtown,Poor,Yes,741349,84
1395,1889,4,3,1,2015,Suburban,Excellent,Yes,866615,11
1396,4066,5,1,3,1934,Urban,Poor,Yes,332902,92
1397,665,1,2,2,1997,Urban,Poor,No,706442,29
1398,2067,2,4,3,2001,Rural,Poor,Yes,812301,25
1399,1228,5,1,1,2019,Downtown,Poor,No,670656,7
1400,2543,5,2,3,1953,Urban,Good,Yes,620179,73
1401,4697,4,1,2,2020,Urban,Excellent,No,96901,6
1402,3996,3,4,3,1961,Downtown,Fair,Yes,526728,65
1403,1278,3,2,2,1968,Urban,Poor,No,416056,58
1404,713,4,3,2,1981,Downtown,Poor,No,645350,45
1405,4262,4,3,1,1915,Downtown,Fair,No,539838,111
1406,2076,4,1,1,1907,Downtown,Fair,No,726923,119
1407,2948,3,4,1,1988,Rural,Poor,No,908440,38
1408,3436,4,2,2,1995,Downtown,Fair,No,445991,31
1409,3617,1,4,3,1989,Downtown,Fair,No,983332,37
1410,1091,5,2,2,2015,Suburban,Good,No,553528,11
1411,3220,5,1,1,1985,Suburban,Fair,No,569149,41
1412,1213,2,2,1,1930,Rural,Excellent,No,854406,96
1413,1435,2,4,3,2006,Downtown,Excellent,Yes,727748,20
1414,4837,5,4,1,1909,Suburban,Excellent,No,654879,117
1415,501,1,1,1,1955,Suburban,Poor,No,302990,71
1416,3348,3,4,1,2020,Urban,Excellent,Yes,330759,6
1417,4544,3,2,3,1975,Downtown,Good,No,72838,51
1418,2449,1,1,2,2016,Suburban,Excellent,No,352872,10
1419,1417,3,2,1,1991,Rural,Poor,Yes,690537,35
1420,3674,4,4,3,1969,Urban,Good,Yes,652288,57
1421,2741,5,1,1,2022,Urban,Excellent,No,364942,4
1422,589,5,2,3,1919,Downtown,Good,Yes,515992,107
1423,2209,1,4,1,1904,Downtown,Good,No,987126,122
1424,2669,3,4,3,1922,Urban,Poor,No,194608,104
1425,4738,2,3,1,1908,Rural,Poor,No,186772,118
1426,3541,2,4,2,1957,Downtown,Good,Yes,744199,69
1427,605,3,2,1,1958,Downtown,Excellent,No,846680,68
1428,1386,2,1,3,1992,Urban,Poor,No,95291,34
1429,927,1,3,1,1979,Urban,Good,Yes,919061,47
1430,2395,1,4,2,1953,Downtown,Fair,No,265963,73
1431,816,3,4,1,1945,Suburban,Fair,No,175612,81
1432,1134,2,4,3,1921,Downtown,Poor,No,591465,105
1433,2425,1,2,3,1963,Suburban,Excellent,No,462699,63
1434,2556,1,3,2,1907,Urban,Fair,No,93815,119
1435,3644,4,2,3,2022,Suburban,Fair,No,874965,4
1436,2770,4,3,1,1919,Rural,Fair,Yes,836458,107
1437,1939,1,1,1,1950,Urban,Excellent,No,154997,76
1438,1052,3,2,1,1977,Downtown,Excellent,No,110611,49
1439,1215,5,2,3,1938,Downtown,Poor,Yes,661530,88
1440,4411,5,1,1,1936,Urban,Poor,No,467876,90
1441,2213,1,3,1,1949,Urban,Fair,No,760463,77
1442,3889,1,4,1,1933,Rural,Excellent,Yes,417057,93
1443,1607,1,1,2,1974,Urban,Good,Yes,92082,52
1444,4706,3,4,3,2017,Downtown,Fair,Yes,197330,9
1445,750,4,4,3,2003,Rural,Poor,Yes,677901,23
1446,2930,1,1,3,1932,Downtown,Excellent,Yes,934747,94
1447,2554,1,3,2,1930,Suburban,Poor,Yes,926122,96
1448,958,2,4,3,2022,Urban,Poor,Yes,145220,4
1449,707,3,1,2,1953,Suburban,Excellent,No,589677,73
1450,1399,1,2,2,1943,Downtown,Fair,No,141860,83
1451,3961,2,2,3,1933,Suburban,Excellent,No,733045,93
1452,3885,5,2,1,2013,Suburban,Fair,Yes,502436,13
1453,521,1,1,1,1970,Downtown,Poor,No,994699,56
1454,909,1,2,3,2021,Downtown,Excellent,Yes,71797,5
1455,1394,2,4,3,2012,Urban,Good,No,948407,14
1456,1014,3,2,2,2017,Suburban,Fair,No,933601,9
1457,4609,1,2,3,1961,Rural,Good,No,820227,65
1458,2634,5,4,2,1922,Rural,Fair,No,640620,104
1459,4095,1,2,3,1945,Downtown,Excellent,Yes,810943,81
1460,3456,5,4,1,1955,Downtown,Good,Yes,274997,71
1461,2060,4,2,1,1906,Suburban,Excellent,No,506123,120
1462,1766,4,4,3,2017,Downtown,Fair,Yes,450404,9
1463,2669,5,2,2,1988,Rural,Fair,Yes,335840,38
1464,4138,3,4,1,1960,Urban,Fair,No,52024,66
1465,1249,1,1,2,1902,Urban,Fair,Yes,479201,124
1466,3927,1,4,3,2022,Suburban,Poor,Yes,711944,4
1467,2427,4,2,3,1937,Urban,Fair,Yes,403142,89
1468,4304,5,2,1,1983,Downtown,Good,Yes,208116,43
1469,4202,1,3,3,1933,Downtown,Fair,No,831627,93
1470,2856,1,4,1,2012,Downtown,Excellent,No,317429,14
1471,2835,3,1,2,1943,Downtown,Poor,Yes,506331,83
1472,806,2,4,1,2007,Suburban,Good,No,843802,19
1473,4165,4,4,1,1929,Urban,Poor,No,67903,97
1474,2489,4,1,2,1916,Rural,Poor,No,737859,110
1475,1161,2,4,1,1958,Urban,Poor,Yes,934336,68
1476,811,1,1,1,1909,Downtown,Excellent,Yes,859427,117
1477,3420,3,1,3,1998,Rural,Poor,No,417304,28
1478,1582,3,4,2,1983,Suburban,Poor,No,478416,43
1479,3471,4,4,1,1917,Downtown,Fair,Yes,662665,109
1480,1254,3,2,2,1944,Downtown,Excellent,No,251474,82
1481,4630,2,2,2,2007,Rural,Good,Yes,456782,19
1482,852,1,3,1,1990,Suburban,Good,No,874254,36
1483,1402,2,3,3,1958,Rural,Good,Yes,419556,68
1484,4388,5,4,2,1961,Suburban,Excellent,Yes,887654,65
1485,658,4,1,1,1958,Downtown,Good,Yes,930520,68
1486,2477,3,3,2,1948,Urban,Excellent,Yes,543301,78
1487,1456,5,4,3,1999,Downtown,Fair,No,402594,27
1488,2571,3,3,3,1962,Urban,Fair,Yes,493884,64
1489,903,1,1,3,1986,Urban,Excellent,No,683654,40
1490,3279,1,4,1,1931,Suburban,Good,Yes,422222,95
1491,1887,1,1,1,1909,Rural,Excellent,Yes,638141,117
1492,3953,3,4,3,1910,Suburban,Excellent,No,235715,116
1493,1455,5,3,1,2001,Downtown,Poor,No,960226,25
1494,2212,1,2,3,1969,Rural,Excellent,No,203405,57
1495,1773,5,3,1,2022,Urban,Poor,Yes,459174,4
1496,4311,3,3,3,2004,Urban,Fair,Yes,626730,22
1497,3125,5,2,2,1961,Downtown,Poor,No,464170,65
1498,2882,3,2,3,1946,Rural,Excellent,Yes,280755,80
1499,1941,3,4,3,1933,Downtown,Fair,No,583963,93
1500,3479,4,4,1,1999,Downtown,Poor,Yes,139590,27
1501,2297,3,1,1,2000,Suburban,Excellent,Yes,420714,26
1502,4890,3,1,1,1916,Downtown,Fair,Yes,343805,110
1503,4509,2,3,1,2003,Rural,Poor,No,638577,23
1504,1894,1,2,1,2003,Downtown,Excellent,Yes,67184,23
1505,4781,4,1,1,1953,Rural,Excellent,No,884395,73
1506,1769,4,3,2,1975,Urban,Good,No,731182,51
1507,4214,4,2,3,1984,Downtown,Good,Yes,505519,42
1508,1029,2,4,3,1939,Rural,Poor,No,257537,87
1509,4123,3,3,3,1918,Urban,Poor,No,841699,108
1510,3458,1,4,2,1966,Rural,Poor,Yes,233719,60
1511,3414,5,1,3,1981,Urban,Excellent,No,899246,45
1512,4091,3,1,2,1952,Suburban,Poor,No,872457,74
1513,2647,2,2,2,2014,Downtown,Excellent,Yes,171246,12
1514,3869,3,3,2,1963,Downtown,Poor,Yes,389749,63
1515,1439,3,4,3,1982,Urban,Excellent,Yes,706341,44
1516,1025,2,2,2,1946,Suburban,Excellent,No,879868,80
1517,501,4,1,3,1905,Rural,Good,No,723832,121
1518,874,4,1,3,1915,Suburban,Fair,Yes,200408,111
1519,2840,1,3,1,1971,Rural,Excellent,No,730947,55
1520,4505,1,4,1,2011,Rural,Poor,Yes,913624,15
1521,3552,4,3,2,1917,Downtown,Good,Yes,287439,109
1522,2865,5,4,2,1951,Urban,Poor,Yes,957023,75
1523,2025,3,4,3,1947,Downtown,Poor,No,396655,79
1524,4976,5,3,2,1942,Downtown,Excellent,No,583953,84
1525,2146,3,2,2,1938,Downtown,Excellent,Yes,732457,88
1526,513,4,3,3,1948,Rural,Fair,Yes,927709,78
1527,2778,1,3,2,2012,Downtown,Excellent,No,626762,14
1528,3655,1,1,2,1911,Rural,Excellent,Yes,777333,115
1529,629,5,1,3,2008,Urban,Fair,No,468401,18
1530,4314,1,3,3,1909,Rural,Poor,Yes,125911,117
1531,3716,4,3,1,1970,Rural,Fair,Yes,142643,56
1532,3438,5,1,3,2009,Suburban,Fair,No,866916,17
1533,4428,3,4,1,1954,Downtown,Fair,No,309383,72
1534,2540,1,3,2,1900,Downtown,Good,No,413309,126
1535,527,2,2,3,1948,Downtown,Poor,No,226682,78
1536,2613,1,2,3,1935,Downtown,Good,No,756167,91
1537,1752,3,2,3,1920,Suburban,Good,Yes,862267,106
1538,4856,5,3,2,1936,Suburban,Excellent,Yes,800639,90
1539,2546,3,4,1,2015,Suburban,Fair,No,146453,11
1540,4523,2,4,2,1923,Suburban,Fair,No,628078,103
1541,4896,4,1,2,1954,Downtown,Good,Yes,782320,72
1542,3874,1,3,3,1924,Rural,Excellent,Yes,846075,102
1543,3966,5,4,1,1906,Urban,Excellent,No,387990,120
1544,3581,4,3,2,2005,Suburban,Excellent,No,462167,21
1545,4278,3,1,3,1980,Rural,Poor,Yes,535320,46
1546,1129,5,1,2,1992,Suburban,Good,No,458449,34
1547,769,4,1,2,1993,Downtown,Poor,Yes,587488,33
1548,3139,5,2,3,1970,Downtown,Excellent,Yes,626563,56
1549,2493,2,3,3,1996,Rural,Excellent,No,519284,30
1550,3391,2,1,1,1970,Rural,Excellent,Yes,925433,56
1551,3932,1,3,2,2021,Rural,Fair,Yes,726651,5
1552,1780,1,2,3,1923,Downtown,Good,Yes,354592,103
1553,2860,2,2,3,1910,Downtown,Fair,No,998084,116
1554,1075,5,1,1,1972,Urban,Poor,Yes,665973,54
1555,1807,2,1,1,1911,Rural,Fair,No,464562,115
1556,3692,1,4,3,1934,Urban,Good,Yes,847051,92
1557,3678,2,3,1,1962,Suburban,Fair,Yes,679742,64
1558,3234,2,1,3,1967,Urban,Excellent,Yes,576054,59
1559,2712,5,4,2,1999,Suburban,Poor,Yes,839981,27
1560,2852,4,3,1,1991,Suburban,Poor,Yes,724053,35
1561,4068,1,1,2,1956,Urban,Excellent,No,505235,70
1562,2155,5,4,2,1912,Rural,Excellent,No,540674,114
1563,2079,2,4,2,1922,Suburban,Excellent,Yes,830644,104
1564,2703,2,3,3,1982,Rural,Good,No,944370,44
1565,1890,4,4,2,2005,Downtown,Fair,No,964105,21
1566,2242,1,3,2,2000,Suburban,Poor,Yes,543496,26
1567,2425,1,3,2,1938,Downtown,Fair,No,884760,88
1568,1119,3,3,3,1987,Urban,Excellent,No,520917,39
1569,1774,1,2,2,1979,Rural,Excellent,No,270172,47
1570,1456,4,4,2,1996,Urban,Fair,No,75301,30
1571,2439,3,3,1,1911,Suburban,Poor,Yes,619051,115
1572,4453,3,1,3,1933,Downtown,Good,No,201837,93
1573,2881,2,2,2,1970,Suburban,Fair,Yes,881219,56
1574,1468,2,2,1,1974,Urban,Excellent,Yes,957107,52
1575,1816,1,4,3,1930,Rural,Excellent,No,57425,96
1576,1543,3,3,3,1992,Rural,Good,Yes,325001,34
1577,781,2,4,3,1961,Suburban,Fair,No,233843,65
1578,3344,4,2,3,1912,Suburban,Good,Yes,405143,114
1579,1558,2,3,3,1930,Downtown,Good,No,465660,96
1580,4793,2,1,3,1901,Urban,Poor,No,833849,125
1581,3032,3,3,2,2002,Suburban,Poor,Yes,615745,24
1582,4328,3,2,2,1914,Downtown,Excellent,No,545496,112
1583,1508,5,1,2,1956,Suburban,Fair,No,785101,70
1584,1729,4,3,2,1974,Rural,Poor,No,443920,52
1585,1535,3,1,1,1933,Downtown,Excellent,No,579740,93
1586,775,1,1,2,2002,Downtown,Fair,Yes,161153,24
1587,3240,4,2,3,1967,Suburban,Excellent,Yes,875294,59
1588,2789,4,1,2,1974,Urban,Poor,Yes,242543,52
1589,1739,3,4,2,1928,Rural,Excellent,No,529274,98
1590,625,4,2,3,1965,Urban,Fair,Yes,330444,61
1591,4565,3,4,2,1915,Downtown,Fair,No,977070,111
1592,4812,2,1,2,1938,Urban,Excellent,No,450717,88
1593,4368,5,4,2,1976,Downtown,Fair,No,51845,50
1594,1708,2,3,1,1936,Urban,Excellent,Yes,169342,90
1595,3749,3,1,2,1980,Suburban,Fair,Yes,875613,46
1596,1418,3,3,3,1920,Urban,Excellent,Yes,500479,106
1597,4423,2,4,3,1943,Downtown,Excellent,Yes,811654,83
1598,4903,1,3,2,2023,Rural,Excellent,No,813292,3
1599,2469,1,1,2,1918,Rural,Good,Yes,768398,108
1600,3293,1,3,2,1970,Rural,Fair,Yes,298850,56
1601,1391,3,4,3,2001,Downtown,Poor,Yes,788650,25
1602,4970,4,4,3,1907,Urban,Excellent,Yes,297688,119
1603,2533,3,4,1,1976,Rural,Good,No,608692,50
1604,1864,4,1,1,2000,Rural,Poor,Yes,596852,26
1605,628,2,4,1,1965,Rural,Excellent,Yes,672186,61
1606,1514,5,1,3,1940,Suburban,Poor,Yes,330371,86
1607,2299,4,3,1,1974,Downtown,Good,No,570919,52
1608,2018,1,4,2,1987,Downtown,Poor,Yes,145259,39
1609,4681,3,3,2,1969,Downtown,Excellent,Yes,174451,57
1610,1698,2,2,3,1960,Downtown,Poor,Yes,490691,66
1611,4373,1,3,1,1925,Downtown,Poor,No,67215,101
1612,2974,2,2,2,1970,Suburban,Excellent,No,180577,56
1613,3985,5,3,3,2020,Urban,Good,Yes,832680,6
1614,4549,3,1,1,2002,Suburban,Good,Yes,121074,24
1615,4219,3,3,2,1982,Rural,Poor,No,989203,44
1616,802,5,1,1,1969,Suburban,Fair,No,682909,57
1617,4452,3,1,3,2006,Downtown,Poor,No,979958,20
1618,1486,4,4,1,1928,Suburban,Fair,No,753577,98
1619,2363,2,1,3,2006,Downtown,Poor,No,156759,20
1620,4940,1,2,1,2002,Suburban,Good,Yes,178471,24
1621,3572,5,4,2,1965,Downtown,Poor,Yes,858143,61
1622,3624,4,4,3,1918,Rural,Poor,Yes,458275,108
1623,1827,1,3,3,1967,Downtown,Fair,Yes,622686,59
1624,2908,1,1,3,1957,Suburban,Good,No,837718,69
1625,4173,5,1,1,1969,Rural,Fair,No,215369,57
1626,3791,4,2,1,2012,Suburban,Poor,No,682592,14
1627,4533,1,3,2,1956,Rural,Excellent,No,154959,70
1628,1203,1,3,3,1936,Urban,Poor,No,289317,90
1629,1074,4,4,3,1960,Urban,Poor,Yes,731845,66
1630,3732,3,4,1,1991,Urban,Fair,Yes,372111,35
1631,3132,1,4,1,1929,Suburban,Excellent,Yes,934235,97
1632,4328,2,2,2,1970,Suburban,Excellent,Yes,179745,56
1633,3730,4,2,2,1972,Rural,Fair,Yes,104583,54
1634,988,1,4,1,1924,Rural,Good,No,698365,102
1635,1847,5,3,3,1996,Rural,Excellent,No,494846,30
1636,4181,2,2,2,1964,Rural,Excellent,No,161359,62
1637,3673,1,3,1,2014,Downtown,Fair,No,601374,12
1638,2167,2,3,1,1905,Urban,Good,No,721844,121
1639,2137,2,1,3,1917,Downtown,Good,Yes,773983,109
1640,4614,3,4,1,1909,Downtown,Poor,Yes,678420,117
1641,4053,2,1,1,1991,Downtown,Poor,Yes,565329,35
1642,1500,3,4,2,1910,Downtown,Fair,No,109263,116
1643,1350,4,4,1,1996,Urban,Good,No,724035,30
1644,1888,3,3,1,1964,Downtown,Fair,No,956587,62
1645,4212,5,4,2,1976,Rural,Poor,No,110664,50
1646,1867,1,3,3,2000,Suburban,Fair,Yes,467896,26
1647,1321,4,3,3,1983,Rural,Fair,No,984581,43
1648,954,4,4,2,1964,Suburban,Excellent,Yes,956906,62
1649,2124,5,3,2,1951,Rural,Excellent,No,389112,75
1650,3272,3,3,3,1966,Rural,Excellent,Yes,970995,60
1651,4226,1,3,3,1981,Suburban,Poor,No,751486,45
1652,3647,3,2,3,2004,Urban,Fair,No,817018,22
1653,4589,2,3,3,1977,Downtown,Excellent,Yes,446608,49
1654,2690,3,2,3,1930,Rural,Excellent,Yes,505473,96
1655,1416,4,2,2,1990,Urban,Excellent,No,117804,36
1656,4486,1,3,1,1916,Downtown,Poor,Yes,874832,110
1657,3375,3,3,3,1954,Urban,Poor,No,479767,72
1658,1940,1,2,3,2009,Urban,Fair,No,864520,17
1659,4900,1,2,1,1992,Downtown,Fair,Yes,261087,34
1660,1235,2,3,1,1935,Rural,Fair,No,992969,91
1661,4068,2,3,1,2000,Urban,Excellent,No,491371,26
1662,3838,4,4,1,1925,Rural,Good,Yes,137893,101
1663,3515,5,2,1,1952,Rural,Poor,No,842401,74
1664,3389,1,2,1,1916,Rural,Excellent,No,58981,110
1665,1461,5,4,2,1985,Downtown,Excellent,No,464248,41
1666,3489,4,2,1,1924,Suburban,Fair,No,366235,102
1667,4348,1,1,1,1901,Rural,Fair,Yes,157154,125
1668,1526,1,2,2,2018,Suburban,Excellent,Yes,336552,8
1669,4365,5,4,1,1985,Suburban,Poor,Yes,729601,41
1670,3363,3,1,3,1904,Urban,Poor,No,884372,122
1671,3001,2,3,3,1903,Rural,Excellent,Yes,526154,123
1672,2447,3,4,1,1935,Rural,Good,Yes,756465,91
1673,1677,5,4,2,1905,Rural,Good,Yes,242122,121
1674,511,2,3,3,2015,Suburban,Poor,No,53657,11
1675,4899,3,4,2,1920,Downtown,Fair,Yes,857662,106
1676,3864,2,2,3,1976,Suburban,Good,Yes,986184,50
1677,3522,1,3,1,2017,Rural,Good,No,263766,9
1678,3871,3,4,2,2000,Rural,Fair,No,659019,26
1679,3330,2,3,2,2018,Rural,Good,No,223412,8
1680,542,2,3,2,1988,Suburban,Excellent,No,741310,38
1681,1443,2,3,3,1925,Rural,Good,No,713227,101
1682,2890,3,1,3,1954,Urban,Fair,No,783902,72
1683,3045,4,4,3,1938,Rural,Excellent,Yes,54329,88
1684,2911,3,1,1,1983,Downtown,Good,Yes,348009,43
1685,1504,5,4,3,1932,Urban,Poor,No,772300,94
1686,520,3,2,1,1913,Rural,Excellent,No,569897,113
1687,906,2,2,2,1955,Urban,Excellent,Yes,87869,71
1688,1514,1,2,2,1999,Rural,Poor,No,247977,27
1689,4931,3,4,1,1980,Downtown,Poor,No,956617,46
1690,2338,3,3,3,1920,Rural,Good,Yes,548185,106
1691,3688,2,3,1,1945,Urban,Good,No,133984,81
1692,1214,1,1,2,1915,Downtown,Fair,No,961604,111
1693,4646,1,1,2,2009,Suburban,Fair,Yes,151069,17
1694,4354,5,2,1,1915,Downtown,Excellent,Yes,298577,111
1695,4919,3,1,3,2019,Downtown,Poor,Yes,926143,7
1696,640,1,4,3,1983,Downtown,Poor,Yes,378396,43
1697,1463,1,4,1,1928,Urban,Fair,Yes,391530,98
1698,872,4,1,1,1991,Downtown,Excellent,No,168728,35
1699,4135,4,1,3,1907,Rural,Excellent,No,573846,119
1700,3041,1,1,2,1987,Downtown,Fair,No,969215,39
1701,4110,5,1,1,1902,Downtown,Fair,No,75801,124
1702,2192,1,2,3,1988,Rural,Fair,No,792647,38
1703,605,2,2,3,1918,Rural,Good,Yes,809925,108
1704,2181,3,1,2,1996,Suburban,Excellent,No,664997,30
1705,4597,5,4,2,1965,Downtown,Excellent,No,365414,61
1706,4516,2,2,2,1978,Urban,Excellent,No,514838,48
1707,3136,5,4,2,1985,Downtown,Fair,No,891967,41
1708,2637,2,3,2,2023,Downtown,Fair,No,305560,3
1709,3916,3,4,1,1973,Rural,Fair,Yes,818026,53
1710,4945,3,1,3,1981,Suburban,Fair,No,782119,45
1711,4030,4,3,1,1921,Downtown,Poor,No,66220,105
1712,1786,2,2,1,1945,Urban,Fair,No,325536,81
1713,3679,4,2,1,2012,Downtown,Good,No,528803,14
1714,4154,2,3,1,1990,Urban,Poor,No,445462,36
1715,2859,4,4,1,1912,Rural,Poor,No,332154,114
1716,944,3,2,2,1932,Suburban,Fair,Yes,176951,94
1717,535,5,1,2,1904,Downtown,Excellent,No,380502,122
1718,1975,4,3,3,1989,Suburban,Fair,Yes,533419,37
1719,4457,2,1,1,1976,Downtown,Excellent,Yes,198306,50
1720,2298,2,3,3,1926,Urban,Fair,No,932622,100
1721,2345,3,2,2,2020,Suburban,Fair,No,690083,6
1722,1908,2,4,2,1977,Downtown,Excellent,No,492667,49
1723,2208,1,3,2,1923,Rural,Excellent,Yes,959222,103
1724,3438,5,3,1,1966,Urban,Excellent,No,175223,60
1725,1800,4,1,1,2010,Suburban,Excellent,No,572886,16
1726,1743,5,2,2,2014,Downtown,Good,No,649493,12
1727,4476,3,1,3,1962,Suburban,Excellent,Yes,465000,64
1728,3597,4,2,3,2012,Downtown,Fair,Yes,997176,14
1729,509,4,1,2,1993,Urban,Fair,No,51082,33
1730,2925,1,3,3,1998,Rural,Good,Yes,454364,28
1731,2160,3,1,2,1947,Urban,Excellent,No,208566,79
1732,3131,2,4,3,1962,Suburban,Fair,Yes,911525,64
1733,1572,1,2,2,1977,Suburban,Good,No,364096,49
1734,3725,1,2,3,1911,Downtown,Fair,Yes,86719,115
1735,1816,5,3,1,1927,Urban,Good,No,98737,99
1736,4645,5,2,2,1943,Downtown,Good,No,502669,83
1737,4183,5,4,2,1992,Urban,Poor,Yes,157271,34
1738,3773,1,1,3,1942,Suburban,Poor,Yes,744896,84
1739,645,2,3,2,1916,Downtown,Excellent,Yes,231676,110
1740,3540,4,4,2,1939,Downtown,Poor,Yes,494049,87
1741,1962,5,2,2,1948,Urban,Good,Yes,981543,78
1742,2084,2,2,1,1984,Rural,Fair,No,642127,42
1743,982,3,4,1,1956,Urban,Fair,No,884363,70
1744,3679,5,1,3,1986,Rural,Excellent,Yes,352069,40
1745,1749,4,1,1,1983,Urban,Poor,No,232075,43
1746,1130,3,3,3,1963,Suburban,Excellent,No,492113,63
1747,1161,3,2,1,1974,Downtown,Good,Yes,137745,52
1748,4003,4,4,3,1956,Urban,Poor,No,176298,70
1749,3352,5,1,1,2020,Suburban,Excellent,No,667997,6
1750,2966,1,3,1,1997,Urban,Fair,Yes,354431,29
1751,1487,4,2,3,1973,Downtown,Fair,Yes,796086,53
1752,2046,4,2,2,1973,Urban,Excellent,No,476228,53
1753,1149,4,3,2,2006,Rural,Excellent,Yes,681540,20
1754,1468,3,3,1,2023,Downtown,Excellent,No,747143,3
1755,3137,2,1,3,1969,Rural,Good,Yes,421467,57
1756,1600,1,4,2,1999,Suburban,Good,Yes,511531,27
1757,940,5,2,3,1987,Suburban,Fair,Yes,789126,39
1758,1269,5,4,2,1975,Urban,Good,Yes,489707,51
1759,1843,2,2,3,1942,Rural,Good,No,270013,84
1760,4858,4,2,1,2018,Rural,Poor,Yes,501800,8
1761,4229,1,4,3,1922,Downtown,Good,Yes,849235,104
1762,4406,5,3,2,1926,Rural,Poor,No,230697,100
1763,2077,5,1,1,1957,Rural,Good,No,693107,69
1764,4508,4,2,3,2020,Downtown,Fair,No,929793,6
1765,3851,2,3,2,2008,Downtown,Excellent,No,63698,18
1766,2849,1,2,1,1936,Rural,Fair,Yes,65376,90
1767,4102,2,1,3,1905,Urban,Good,No,526870,121
1768,1741,2,2,2,1964,Downtown,Excellent,Yes,325261,62
1769,1625,1,1,3,1905,Downtown,Excellent,No,286591,121
1770,3101,1,1,3,1949,Rural,Excellent,Yes,481172,77
1771,1690,5,2,1,1921,Rural,Poor,No,98786,105
1772,4631,5,2,1,2004,Downtown,Fair,Yes,687293,22
1773,4948,1,1,2,1987,Rural,Poor,Yes,268850,39
1774,572,3,3,1,1924,Downtown,Excellent,No,378624,102
1775,2414,5,4,2,1978,Urban,Fair,Yes,737055,48
1776,2972,3,1,3,1989,Urban,Fair,Yes,969015,37
1777,3546,1,2,3,1971,Downtown,Good,Yes,889665,55
1778,1207,5,2,2,1950,Downtown,Poor,Yes,423166,76
1779,2304,2,3,3,1987,Suburban,Poor,No,465718,39
1780,4213,1,4,1,1947,Suburban,Good,Yes,493226,79
1781,3064,4,1,3,2001,Rural,Poor,Yes,142529,25
1782,2975,3,1,1,1969,Rural,Excellent,No,517121,57
1783,4110,1,4,2,2017,Downtown,Excellent,No,815784,9
1784,4755,1,1,2,1998,Downtown,Poor,No,489705,28
1785,3323,5,4,3,2005,Suburban,Good,Yes,675207,21
1786,2235,5,2,3,1964,Suburban,Fair,Yes,919965,62
1787,2085,5,4,1,1959,Downtown,Poor,No,524381,67
1788,566,4,1,1,1945,Urban,Fair,Yes,999453,81
1789,3561,5,4,3,1935,Urban,Good,No,522803,91
1790,2928,1,3,3,1957,Rural,Fair,Yes,536275,69
1791,4653,5,2,2,1975,Downtown,Good,No,772670,51
1792,841,2,2,2,1937,Downtown,Good,Yes,259870,89
1793,3274,5,4,2,1910,Rural,Excellent,No,643695,116
1794,3317,4,1,3,1911,Suburban,Excellent,Yes,648097,115
1795,3161,2,3,3,1941,Suburban,Good,No,329373,85
1796,1732,1,2,3,2013,Urban,Poor,Yes,994889,13
1797,4374,1,2,2,1938,Downtown,Excellent,Yes,616464,88
1798,2901,3,1,3,1970,Suburban,Good,Yes,669113,56
1799,1994,2,1,1,1910,Urban,Fair,No,970764,116
1800,4711,3,3,3,1935,Urban,Fair,Yes,147555,91
1801,1161,2,4,3,1951,Urban,Poor,Yes,577433,75
1802,4383,2,1,3,1930,Suburban,Fair,Yes,147289,96
1803,4119,4,4,3,1932,Suburban,Fair,No,713162,94
1804,2368,3,3,3,1912,Downtown,Good,Yes,838695,114
1805,2834,4,4,1,1917,Downtown,Fair,No,470129,109
1806,3874,2,2,1,1940,Urban,Fair,Yes,107788,86
1807,1516,1,4,3,1957,Urban,Fair,No,713515,69
1808,4906,2,3,2,1955,Suburban,Fair,No,706282,71
1809,707,4,3,3,1923,Suburban,Good,Yes,777591,103
1810,3165,3,3,3,1972,Downtown,Fair,No,201744,54
1811,2993,3,4,3,1930,Downtown,Poor,No,219598,96
1812,1132,4,2,2,1954,Rural,Excellent,Yes,881776,72
1813,2602,3,1,2,2004,Downtown,Poor,No,959251,22
1814,3459,5,2,2,1909,Suburban,Excellent,No,462230,117
1815,3583,1,4,1,1959,Urban,Poor,No,647640,67
1816,2431,1,4,2,1901,Rural,Excellent,No,534495,125
1817,4219,1,1,1,2001,Downtown,Excellent,Yes,352468,25
1818,3062,3,4,1,1914,Downtown,Excellent,No,557745,112
1819,2179,3,3,2,1902,Suburban,Excellent,No,930507,124
1820,736,2,3,2,1942,Rural,Good,Yes,276710,84
1821,4943,2,3,2,1930,Downtown,Poor,Yes,744058,96
1822,2040,1,3,1,1969,Urban,Excellent,No,913601,57
1823,4443,5,3,3,1966,Suburban,Poor,Yes,859816,60
1824,863,2,4,2,1955,Rural,Fair,Yes,577800,71
1825,2868,2,1,2,1962,Downtown,Excellent,Yes,973570,64
1826,785,3,1,2,1974,Downtown,Poor,Yes,736860,52
1827,648,5,3,1,1914,Rural,Good,Yes,173775,112
1828,4537,1,4,1,2008,Suburban,Poor,Yes,128743,18
1829,2266,2,2,3,2015,Rural,Excellent,Yes,397786,11
1830,1512,5,2,2,1991,Rural,Fair,Yes,441731,35
1831,3331,5,4,1,1909,Suburban,Poor,Yes,654146,117
1832,3007,1,3,3,1937,Downtown,Fair,No,629088,89
1833,2023,5,1,2,1946,Urban,Good,No,506356,80
1834,3285,5,4,1,1956,Suburban,Poor,No,674652,70
1835,3056,5,2,2,1949,Urban,Poor,No,555533,77
1836,4225,2,2,2,2013,Downtown,Good,No,314531,13
1837,2101,1,2,1,1970,Rural,Good,Yes,237232,56
1838,2908,5,3,1,1914,Urban,Good,Yes,778927,112
1839,840,5,2,1,1917,Downtown,Excellent,No,182871,109
1840,3317,2,4,2,1981,Downtown,Excellent,No,169095,45
1841,2996,1,4,2,2015,Rural,Poor,Yes,609836,11
1842,2225,3,2,3,2004,Rural,Poor,No,140450,22
1843,2189,2,4,2,1987,Downtown,Poor,Yes,679957,39
1844,3767,1,2,1,1901,Downtown,Fair,No,916603,125
1845,4906,5,2,2,2003,Urban,Good,Yes,483595,23
1846,761,1,1,3,1983,Downtown,Poor,No,357558,43
1847,1942,1,3,3,1997,Downtown,Good,Yes,647359,29
1848,905,1,3,1,1942,Urban,Excellent,No,687096,84
1849,2690,3,1,1,1925,Suburban,Good,No,550884,101
1850,4937,1,1,3,1970,Urban,Fair,Yes,128591,56
1851,743,3,3,3,1937,Urban,Fair,Yes,798501,89
1852,4607,5,2,3,1993,Rural,Good,No,316441,33
1853,1060,3,2,1,1941,Urban,Fair,No,683801,85
1854,4637,5,3,3,1904,Downtown,Fair,Yes,965100,122
1855,3225,5,2,3,1910,Downtown,Excellent,Yes,922911,116
1856,1093,3,1,1,1964,Downtown,Poor,Yes,148752,62
1857,2326,2,2,2,1933,Suburban,Fair,No,186080,93
1858,3729,4,2,2,2019,Downtown,Poor,No,267885,7
1859,3787,1,4,3,1900,Suburban,Good,Yes,427625,126
1860,4573,4,4,2,1982,Downtown,Good,No,197892,44
1861,633,1,4,2,1901,Urban,Fair,No,514764,125
1862,3638,1,2,2,1984,Rural,Good,Yes,203325,42
1863,4419,5,3,2,1919,Downtown,Excellent,No,472418,107
1864,572,1,1,3,1960,Suburban,Fair,Yes,996740,66
1865,4994,1,2,2,1986,Suburban,Fair,Yes,641444,40
1866,4725,3,3,2,1920,Rural,Fair,No,817248,106
1867,3478,4,2,1,1987,Downtown,Good,No,110263,39
1868,4861,3,1,3,1967,Urban,Good,Yes,955428,59
1869,2485,1,2,1,1911,Downtown,Fair,Yes,673540,115
1870,1292,5,1,1,1921,Downtown,Poor,Yes,168632,105
1871,4759,3,2,3,1919,Rural,Good,No,911287,107
1872,594,3,1,2,1981,Downtown,Good,Yes,66575,45
1873,1633,2,2,1,1900,Urban,Fair,Yes,324348,126
1874,737,1,1,3,1929,Suburban,Poor,Yes,61952,97
1875,3446,5,4,2,1996,Rural,Fair,Yes,569826,30
1876,3030,3,2,3,1923,Urban,Good,No,133323,103
1877,2460,3,2,1,1913,Suburban,Fair,No,756502,113
1878,1548,5,3,2,1935,Rural,Fair,Yes,214944,91
1879,3029,1,3,2,1968,Rural,Fair,No,734736,58
1880,3464,2,1,3,1974,Suburban,Poor,No,771444,52
1881,1463,3,2,2,1923,Suburban,Fair,No,192712,103
1882,1036,2,1,1,1959,Urban,Good,Yes,338581,67
1883,4723,4,4,1,1994,Downtown,Fair,No,177129,32
1884,4179,1,3,1,1954,Downtown,Poor,No,924113,72
1885,4687,4,1,3,1976,Downtown,Excellent,Yes,828810,50
1886,4224,4,1,2,1979,Downtown,Poor,Yes,582191,47
1887,1042,4,3,2,1923,Downtown,Fair,No,264776,103
1888,1345,1,2,2,1976,Urban,Excellent,No,601151,50
1889,4103,1,1,1,1923,Rural,Fair,Yes,355525,103
1890,3536,5,3,2,1953,Urban,Poor,Yes,864980,73
1891,2994,2,2,1,1925,Urban,Excellent,Yes,493172,101
1892,4985,2,4,2,1965,Urban,Excellent,Yes,585755,61
1893,3219,5,3,1,1979,Rural,Fair,No,370098,47
1894,2384,5,1,2,1937,Urban,Fair,Yes,336045,89
1895,4638,4,4,3,2009,Urban,Poor,No,859733,17
1896,4849,5,2,3,1964,Rural,Fair,No,961118,62
1897,3701,3,2,1,2012,Urban,Excellent,No,807902,14
1898,3210,2,3,1,1974,Downtown,Good,Yes,921612,52
1899,2453,5,3,2,1950,Suburban,Good,Yes,644191,76
1900,4350,3,3,2,1934,Urban,Poor,No,416099,92
1901,1189,3,2,3,1942,Suburban,Fair,No,983708,84
1902,2450,3,4,2,1928,Urban,Poor,No,594043,98
1903,956,3,2,1,1936,Urban,Good,No,371961,90
1904,2630,4,1,1,1980,Downtown,Good,No,838525,46
1905,4476,3,2,1,1957,Rural,Fair,Yes,306094,69
1906,4744,4,1,1,1953,Suburban,Excellent,Yes,512753,73
1907,1679,4,4,1,1938,Rural,Fair,Yes,932751,88
1908,4785,3,3,3,1941,Downtown,Good,No,335084,85
1909,4065,2,3,3,1927,Downtown,Excellent,No,749400,99
1910,1382,3,2,1,1928,Suburban,Poor,Yes,703002,98
1911,899,3,3,2,1942,Rural,Good,Yes,141544,84
1912,1108,3,4,1,1902,Downtown,Poor,No,658725,124
1913,2138,2,3,3,2015,Urban,Excellent,Yes,405113,11
1914,2648,1,2,1,1909,Urban,Poor,Yes,157001,117
1915,1882,1,4,3,1958,Urban,Good,Yes,137725,68
1916,1903,4,1,3,2005,Rural,Fair,No,427928,21
1917,1319,4,2,1,1913,Urban,Poor,No,160675,113
1918,3792,2,1,1,1975,Urban,Good,Yes,144266,51
1919,1319,5,4,2,1946,Downtown,Good,No,321380,80
1920,919,1,2,3,1941,Downtown,Excellent,Yes,909029,85
1921,4719,4,2,2,1993,Urban,Good,Yes,265196,33
1922,3802,1,4,1,1931,Urban,Fair,No,184974,95
1923,2008,2,3,3,1931,Downtown,Fair,No,673944,95
1924,1267,2,2,2,1941,Suburban,Poor,No,346508,85
1925,2544,5,2,2,1931,Rural,Poor,Yes,681359,95
1926,2639,5,1,2,1925,Rural,Poor,Yes,406554,101
1927,3529,2,3,1,2014,Downtown,Poor,Yes,201168,12
1928,2049,4,1,1,1900,Rural,Fair,No,193092,126
1929,2264,1,1,1,1955,Downtown,Excellent,Yes,632761,71
1930,3145,3,3,3,2021,Downtown,Poor,Yes,291472,5
1931,4216,5,3,1,2005,Downtown,Excellent,Yes,356297,21
1932,4981,3,4,3,1901,Downtown,Good,Yes,222349,125
1933,2793,4,3,2,1980,Suburban,Good,No,350646,46
1934,3208,5,2,2,1929,Urban,Poor,No,65675,97
1935,1400,3,3,1,2019,Urban,Good,No,991869,7
1936,3584,4,4,2,2002,Suburban,Excellent,Yes,168384,24
1937,2509,1,4,1,1970,Rural,Excellent,Yes,128229,56
1938,741,4,4,3,1951,Rural,Good,Yes,663337,75
1939,2885,5,3,2,1990,Urban,Poor,No,757508,36
1940,4768,2,3,1,1908,Rural,Excellent,No,401301,118
1941,1171,1,1,2,1921,Urban,Excellent,No,270319,105
1942,663,3,1,2,1933,Urban,Fair,No,679999,93
1943,964,5,2,1,2009,Suburban,Poor,No,684378,17
1944,3542,2,1,2,1948,Rural,Fair,Yes,929753,78
1945,2942,4,2,2,1900,Suburban,Good,No,776262,126
1946,2855,2,4,2,1972,Urban,Good,No,862897,54
1947,4778,5,1,2,1983,Urban,Fair,No,868718,43
1948,3057,5,3,3,1952,Urban,Poor,Yes,104795,74
1949,1045,2,1,2,1982,Downtown,Excellent,No,420283,44
1950,4335,4,2,2,1999,Downtown,Good,No,784543,27
1951,1093,2,1,1,2023,Downtown,Poor,No,153845,3
1952,4304,5,4,3,1939,Suburban,Poor,Yes,362130,87
1953,1959,5,3,1,1944,Urban,Good,Yes,387540,82
1954,3993,3,2,1,1967,Rural,Good,No,891610,59
1955,3101,3,3,1,1908,Suburban,Poor,No,847177,118
1956,2944,1,3,3,2004,Suburban,Excellent,No,828520,22
1957,3172,5,2,1,1921,Suburban,Fair,No,303730,105
1958,4700,3,3,1,1917,Rural,Good,Yes,253426,109
1959,516,2,3,1,1975,Urban,Fair,No,916069,51
1960,3691,4,1,2,2005,Downtown,Poor,Yes,972532,21
1961,892,2,3,1,1942,Urban,Fair,No,279333,84
1962,924,4,3,3,1938,Urban,Excellent,Yes,622854,88
1963,1071,3,3,3,1972,Suburban,Poor,Yes,880154,54
1964,4131,1,3,2,1905,Suburban,Excellent,No,923055,121
1965,1620,2,2,3,1982,Suburban,Poor,Yes,423218,44
1966,741,2,4,3,1947,Downtown,Excellent,No,649262,79
1967,4397,2,1,2,2010,Downtown,Poor,Yes,526908,16
1968,4595,4,3,1,1906,Downtown,Excellent,Yes,396228,120
1969,2779,3,3,2,1979,Urban,Poor,No,220951,47
1970,1288,2,2,1,1968,Suburban,Excellent,No,467983,58
1971,1214,2,4,1,1915,Rural,Poor,Yes,298595,111
1972,3349,1,3,3,1900,Urban,Excellent,Yes,953785,126
1973,1275,1,2,2,2014,Downtown,Good,No,678705,12
1974,4526,3,1,3,1936,Rural,Fair,No,904531,90
1975,2747,3,1,3,2002,Rural,Poor,No,229729,24
1976,578,5,3,1,1982,Suburban,Excellent,Yes,189570,44
1977,4426,1,3,3,2017,Rural,Good,No,254739,9
1978,1355,5,4,2,1936,Downtown,Poor,No,337251,90
1979,2648,4,4,3,1980,Suburban,Poor,Yes,734153,46
1980,1531,5,3,3,1963,Rural,Poor,No,970200,63
1981,3771,2,2,1,1989,Suburban,Fair,No,890271,37
1982,4076,5,4,2,1985,Rural,Excellent,No,663529,41
1983,4682,3,3,3,1961,Urban,Excellent,No,597685,65
1984,3956,4,4,1,1971,Urban,Poor,Yes,581992,55
1985,4006,2,3,3,1960,Downtown,Poor,No,852874,66
1986,907,5,1,2,1932,Urban,Poor,No,769148,94
1987,3211,4,3,3,1965,Urban,Good,No,179576,61
1988,3588,4,1,3,1929,Urban,Poor,No,59765,97
1989,2168,2,4,1,2010,Rural,Fair,No,427972,16
1990,647,5,3,3,1919,Rural,Excellent,No,60002,107
1991,4827,4,4,1,1959,Suburban,Fair,Yes,834141,67
1992,4397,4,1,2,1981,Rural,Poor,Yes,847822,45
1993,2450,1,3,3,2006,Urban,Good,Yes,225508,20
1994,865,4,4,2,2020,Rural,Poor,No,308446,6
1995,2174,1,1,2,1973,Downtown,Poor,No,527698,53
1996,4994,5,4,3,1923,Suburban,Poor,No,295620,103
1997,3046,5,2,1,2019,Suburban,Poor,Yes,580929,7
1998,1062,5,1,2,1903,Rural,Poor,No,476925,123
1999,4062,3,1,2,1936,Urban,Excellent,Yes,161119,90
2000,2989,5,1,3,1903,Suburban,Fair,No,482525,123
